event_id,event_name,city,town,venue_address,start_date,end_date,duration_days,category,daily_pressure_score,major_event,official_url,source_update_time
Event_382000000A_003248,2025文資新生活｜新店十四張歷史建築園區,新北,新店區,央北二路206巷6號(新店十四張歷史建築園區),2025-03-14,2025-12-31,293,Expo / Exhibition,0.5,0,https://data.gov.tw/dataset/7778,2025-03-18T07:57:40+08:00
Event_382000000A_003667,掌藝薪傳-小西園特展,新北,新莊區,中平路133號 2F布袋戲文物館,2025-04-13,2026-03-01,323,Expo / Exhibition,0.5,0,https://data.gov.tw/dataset/7778,2025-12-12T10:24:00+08:00
Event_387000000A_009666,探索臺中之美 引客獎勵方案,台中,中區,,2025-05-01,2026-03-03,307,Major celebration,1,1,https://data.gov.tw/dataset/7778,2026-07-06T16:11:48+08:00
Event_387000000A_009737,「澳門航空 大玩台中」憑澳門航空登機證享60+在地商家優惠,台中,中區,,2025-05-15,2026-04-30,351,Other,0.25,0,https://data.gov.tw/dataset/7778,2025-06-02T15:26:40+08:00
Event_382000000A_003357,島嶼織縷 - 古代南島衣飾特展,新北,八里區,博物館路200號(新北市立十行博物館 第二特展廳),2025-05-15,2026-03-15,305,Expo / Exhibition,0.5,0,https://data.gov.tw/dataset/7778,2025-05-20T09:03:09+08:00
Event_382000000A_003515,泰博館20週年特展—編織．復返,新北,烏來區,烏來泰雅民族博物館,2025-08-24,2026-05-31,281,Expo / Exhibition,0.5,0,https://data.gov.tw/dataset/7778,2025-08-22T08:44:44+08:00
Event_382000000A_003542,《新北水巡 20有成》特展,新北,板橋區,中正路435號(濕地故事館2樓),2025-09-19,2026-02-28,163,Expo / Exhibition,0.5,0,https://data.gov.tw/dataset/7778,2025-09-24T15:59:06+08:00
Event_382000000A_003622,靜土有聲－臺日古代文物對話特展,新北,八里區,博物館路200號,2025-09-29,2026-03-01,154,Expo / Exhibition,0.5,0,https://data.gov.tw/dataset/7778,2025-11-14T07:10:30+08:00
Event_387000000A_009909,「德威航空 大玩台中」憑德威航空登機證 即享在地商家優惠,台中,中區,,2025-10-01,2026-08-31,335,Other,0.25,0,https://data.gov.tw/dataset/7778,2025-10-23T08:21:16+08:00
Event_397000000A_007490,微醺大飯店 The Great Tipsy,高雄,鼓山區,臨海三路5號(哈瑪星貿易商大樓),2025-10-01,2026-12-31,457,Other,0.25,0,https://data.gov.tw/dataset/7778,2026-03-19T17:58:28+08:00
Event_382000000A_003556,感覺器OFF/ON-超感官影像體驗展,新北,板橋區,府中路15號(府中15),2025-10-02,2026-03-01,151,Expo / Exhibition,0.5,0,https://data.gov.tw/dataset/7778,2025-10-03T07:29:54+08:00
Event_382000000A_003577,拇指世代：點擊以開啟,新北,鶯歌區,新北市美術館 探索基地 L2,2025-10-03,2026-03-15,164,Other,0.5,0,https://data.gov.tw/dataset/7778,2025-12-17T08:34:21+08:00
Event_382000000A_003578,建築的恐懼與療癒,新北,鶯歌區,新北市美術館 – 6A、6B展覽室,2025-10-03,2026-01-25,115,Expo / Exhibition,0.5,0,https://data.gov.tw/dataset/7778,2025-12-17T08:34:37+08:00
Event_382000000A_003565,說石話—石頭的身世與故事特展,新北,瑞芳區,新北市立黃金博物館 大地館3樓特展室,2025-10-19,2026-09-20,337,Expo / Exhibition,0.5,0,https://data.gov.tw/dataset/7778,2025-10-16T08:47:27+08:00
Event_382000000A_003655,金工流轉—傳統與當代的交會,新北,瑞芳區,新北市立黃金博物館,2025-11-07,2026-12-31,420,Expo / Exhibition,0.5,0,https://data.gov.tw/dataset/7778,2025-12-05T10:36:21+08:00
Event_397000000A_007263,100%哆啦A夢&friends 巡迴特展-高雄站,高雄,三民區,國立科學工藝博物館 二樓特展廳,2025-11-14,2026-02-22,101,Expo / Exhibition,0.5,0,https://data.gov.tw/dataset/7778,2025-12-31T12:21:25+08:00
Event_397000000A_007346,馮．沃爾夫的花園堡壘,高雄,新興區,高雄市立美術館101-103展覽室,2025-11-15,2026-04-19,156,Expo / Exhibition,0.5,0,https://data.gov.tw/dataset/7778,2026-05-28T18:08:40+08:00
Event_A15010900H_005256,2025-2026茂林雙年賞蝶季,高雄,茂林區,茂林遊客中心,2025-11-15,2026-03-29,135,Market / Family,0.38,0,https://data.gov.tw/dataset/7778,2026-01-08T16:16:17+08:00
Event_376430000A_006639,《全方位職場療癒班》 IP 插畫展,桃園,中壢區,中原文創園區 1倉、2倉,2025-11-26,2026-03-01,96,Other,0.25,0,https://data.gov.tw/dataset/7778,2025-11-26T10:38:26+08:00
Event_382000000A_003592,2025臺灣陶藝獎,新北,鶯歌區,文化路200號,2025-11-27,2026-04-06,131,Other,0.25,0,https://data.gov.tw/dataset/7778,2025-10-31T09:17:07+08:00
Event_382000000A_003647,滬尾時光蹟．2025新北市國際藝術村成果展,新北,淡水區,滬水一方藝文空間5樓(觀海路91號),2025-11-27,2026-01-04,39,Other,0.25,0,https://data.gov.tw/dataset/7778,2025-11-28T09:20:40+08:00
Event_397000000A_007159,2025高雄聖誕生活節,高雄,前金區,中央公園,2025-11-28,2026-01-04,38,Major celebration,1,1,https://data.gov.tw/dataset/7778,2025-12-01T10:33:04+08:00
Event_382000000A_003620,府中15-14週年館慶 One 4 All — 為所有人精彩,新北,板橋區,府中路15號,2025-11-30,2025-12-31,32,Major celebration,1,1,https://data.gov.tw/dataset/7778,2025-11-14T06:51:32+08:00
Event_382000000A_003644,自然的永續之境—陶博館駐村藝術家作品典藏展,新北,鶯歌區,文化路200號,2025-12-04,2026-02-08,67,Other,0.25,0,https://data.gov.tw/dataset/7778,2025-11-28T08:15:58+08:00
Event_397000000A_007237,2025高流聖誕趴,高雄,鹽埕區,高雄流行音樂中心 珊瑚礁群 • 鯨魚堤岸,2025-12-05,2026-01-04,31,Major celebration,1,1,https://data.gov.tw/dataset/7778,2025-12-22T10:40:15+08:00
Event_382000000A_003690,光映淡水,新北,淡水區,淡水紅毛城,2025-12-06,2026-02-28,85,Other,0.25,0,https://data.gov.tw/dataset/7778,2026-01-09T08:25:23+08:00
Event_382000000A_003679,臥石眠雲—傅楓宸陶藝展,新北,鶯歌區,文化路200號,2025-12-11,2026-01-11,32,Other,0.25,0,https://data.gov.tw/dataset/7778,2025-12-19T07:22:43+08:00
Event_387000000A_010021,2025台中耶誕嘉年華,台中,中區,,2025-12-12,2026-01-01,21,Major celebration,1.6,1,https://data.gov.tw/dataset/7778,2025-12-17T11:46:09+08:00
Event_382000000A_003755,風帆之路-淡水平戶交流特展,新北,淡水區,中正路28巷1號(淡水紅毛城園區),2025-12-12,2026-06-22,193,Expo / Exhibition,0.5,0,https://data.gov.tw/dataset/7778,2026-03-13T19:41:48+08:00
Event_376430000A_006655,《2025永續光環境創意展》,桃園,中壢區,中原文創園區10倉、戶外展區,2025-12-19,2026-01-18,31,Other,0.25,0,https://data.gov.tw/dataset/7778,2025-12-17T10:53:57+08:00
Event_397000000A_007291,2025 高雄國際貨櫃藝術節——「愛耍廢」,高雄,鹽埕區,11 號碼頭、淺一碼頭、海風廣場,2025-12-20,2026-03-01,72,Major celebration,1,1,https://data.gov.tw/dataset/7778,2026-01-09T11:25:00+08:00
Event_382000000A_003683,顯化末日,新北,中和區,美麗永安藝文中心,2025-12-23,2026-01-11,20,Other,0.8,0,https://data.gov.tw/dataset/7778,2025-12-26T09:11:09+08:00
Event_387000000A_010006,響應五月天《回到那一天》巡迴演唱會-臺中優惠店家,台中,中區,,2025-12-25,2026-01-04,11,Concert / Music festival,2.2,1,https://data.gov.tw/dataset/7778,2025-12-29T13:37:29+08:00
Event_382000000A_003701,「與橋同行，淡八共鳴」水陸遊程,新北,淡水區,,2025-12-26,2026-06-30,187,Other,0.25,0,https://data.gov.tw/dataset/7778,2026-01-28T14:57:24+08:00
Event_376430000A_006656,《夏娃克隆系列：林珮淳的AI伊甸園》林珮淳個展,桃園,中壢區,中原文創園區 14倉,2025-12-27,2026-02-08,44,Other,0.25,0,https://data.gov.tw/dataset/7778,2025-12-17T10:57:05+08:00
Event_382000000A_003654,閃耀新北1314跨河煙火,新北,淡水區,淡水漁人碼頭、海關碼頭、八里左岸,2025-12-30,2025-12-31,2,Concert / Music festival,3.4,1,https://data.gov.tw/dataset/7778,2025-12-26T03:02:04+08:00
Event_382000000A_003665,2025嗨玩烏來跨年晚會,新北,烏來區,立體停車場,2025-12-30,2025-12-31,2,Major celebration,3.4,1,https://data.gov.tw/dataset/7778,2025-12-12T08:22:36+08:00
Event_387000000A_010036,2026 台中最強跨年夜,台中,西屯區,中科路2966號(水湳中央公園),2025-12-31,2026-01-01,2,Major celebration,3.4,1,https://data.gov.tw/dataset/7778,2026-07-06T16:32:04+08:00
Event_376430000A_005230,2026桃園 ON AIR 跨年晚會,桃園,中壢區,樂天桃園棒球場 (領航北路一段1號),2025-12-31,2026-01-01,2,Major celebration,3.4,1,https://data.gov.tw/dataset/7778,2026-05-25T16:35:23+08:00
Event_397000000A_007098,高雄跨年晚會 ✦ 2026雄嗨趴,高雄,前鎮區,夢時代,2025-12-31,2026-01-01,2,Major celebration,3.4,1,https://data.gov.tw/dataset/7778,2026-08-31T14:33:22+08:00
Event_397000000A_007249,115年元旦升旗典禮,高雄,苓雅區,高雄市文化中心,2026-01-01,2026-01-01,1,Other,2,0,https://data.gov.tw/dataset/7778,2025-12-26T09:19:44+08:00
Event_382000000A_003666,115年新北市元旦升旗暨健走活動,新北,板橋區,新北市板橋435藝文特區-馬卡龍草原,2026-01-01,2026-01-01,1,Market / Family,1.5,0,https://data.gov.tw/dataset/7778,2025-12-12T08:29:58+08:00
Event_387000000A_010040,台灣好行套票登錄抽好禮,台中,中區,,2026-01-05,2026-03-30,85,Other,0.25,0,https://data.gov.tw/dataset/7778,2026-03-31T17:13:23+08:00
Event_397000000A_007444,2026【武營來跳舞】1-6月,高雄,鳳山區,三多一路1號 衛武營榕樹廣場西側,2026-01-07,2026-06-03,148,Other,0.25,0,https://data.gov.tw/dataset/7778,2026-03-05T09:51:55+08:00
Event_376430000A_006691,宇內溪溫泉冬日嘉年華,桃園,復興區,小烏來風景特定區宇內溪溫泉戲水區,2026-01-10,2026-02-01,23,Major celebration,1.6,1,https://data.gov.tw/dataset/7778,2026-01-12T17:19:08+08:00
Event_397000000A_007269,2026高雄寵物用品保健品展&高雄喵節,高雄,左營區,高雄巨蛋體育館,2026-01-16,2026-01-19,4,Major celebration,2.2,1,https://data.gov.tw/dataset/7778,2026-01-06T10:10:00+08:00
Event_382000000A_003689,2026汐止康誥坑溪文化櫻花季,新北,汐止區,水源路一段246號,2026-01-16,2026-02-22,38,Other,0.25,0,https://data.gov.tw/dataset/7778,2026-01-13T02:15:15+08:00
Event_376430000A_006659,2026角板山梅花季,桃園,復興區,角板山行館園區,2026-01-17,2026-01-25,9,Other,0.55,0,https://data.gov.tw/dataset/7778,2026-01-20T17:33:10+08:00
Event_397000000A_007297,2026六龜梅花季,高雄,六龜區,三叉工坊,2026-01-17,2026-01-18,2,Market / Family,1.27,0,https://data.gov.tw/dataset/7778,2026-01-14T10:23:05+08:00
Event_395000000A_007618,板橋遠百年貨大街,新北,板橋區,,2026-01-17,2026-01-18,2,Expo / Exhibition,1.7,0,https://data.gov.tw/dataset/7778,2026-01-05T15:31:23+08:00
Event_A15010900H_005337,高屏部落遊-正式推出會員機制「高屏部落友」,高雄,茂林區,,2026-01-20,2026-06-30,162,Market / Family,0.38,0,https://data.gov.tw/dataset/7778,2026-01-29T18:04:00+08:00
Event_382000000A_003699,感動馬︱陶博聯展,新北,鶯歌區,文化路200號(新北市立鶯歌陶瓷博物館),2026-01-22,2026-03-22,60,Expo / Exhibition,0.5,0,https://data.gov.tw/dataset/7778,2026-01-23T04:03:16+08:00
Event_397000000A_007329,SUPER JUNIOR 20th Anniversary TOUR ＜SUPER SHOW 10＞ in KAOHSIUNG,高雄,左營區,高雄巨蛋,2026-01-23,2026-01-25,3,Other,3.4,1,https://data.gov.tw/dataset/7778,2026-02-25T11:41:53+08:00
Event_382000000A_003684,2026迎新年慶元宵系列活動｜新莊,新北,新莊區,新莊文化藝術中心前廣場,2026-01-23,2026-03-03,40,Other,0.25,0,https://data.gov.tw/dataset/7778,2025-12-26T09:26:15+08:00
Event_397000000A_007287,2026高雄移動時尚周,高雄,鹽埕區,駁二藝術特區 - 高雄港七號碼頭至高港水花園,2026-01-24,2026-01-25,2,Major celebration,3.4,1,https://data.gov.tw/dataset/7778,2026-01-08T10:36:08+08:00
Event_397000000A_007259,SUPER MARIO: RUN TO THE GOAL-高雄場,高雄,前鎮區,時代大道(成功二路-中華五路),2026-01-25,2026-01-25,1,Sports / Marathon,3.5,1,https://data.gov.tw/dataset/7778,2025-12-31T11:27:50+08:00
Event_397000000A_007327,115年大社三寶意象推廣活動-大社開運三寶,高雄,大社區,觀音山大覺寺前廣場（翠屏路110號）,2026-01-25,2026-01-25,1,Other,1,0,https://data.gov.tw/dataset/7778,2026-01-22T14:32:50+08:00
Event_382000000A_003693,2026花見櫻花季,新北,淡水區,淡水無極天元宮,2026-01-28,2026-02-11,15,Other,0.4,0,https://data.gov.tw/dataset/7778,2026-01-30T10:15:03+08:00
Event_387000000A_010070,頑童MJ116 OGS 台中洲際演唱會,台中,北屯區,洲際棒球場,2026-01-31,2026-02-01,2,Concert / Music festival,4.25,1,https://data.gov.tw/dataset/7778,2026-01-30T14:34:37+08:00
Event_376430000A_006703,《兵兵有理》特展,桃園,中壢區,中原文創園區10倉,2026-01-31,2026-03-08,37,Expo / Exhibition,0.5,0,https://data.gov.tw/dataset/7778,2026-01-26T17:07:32+08:00
Event_397000000A_007328,2026高雄過好年｜30商圈接力迎馬年,高雄,三民區,,2026-01-31,2026-02-14,15,Market / Family,0.6,0,https://data.gov.tw/dataset/7778,2026-01-22T14:55:54+08:00
Event_397000000A_007345,2026神農市集｜一月場,高雄,鼓山區,凹子底森林公園,2026-01-31,2026-02-01,2,Market / Family,1.27,0,https://data.gov.tw/dataset/7778,2026-01-27T12:34:07+08:00
Event_397000000A_007354,2026 多元文化新年市集,高雄,鳳山區,鳳山第二市場（天公廟前／公園仔市場）,2026-02-01,2026-02-01,1,Market / Family,1.5,0,https://data.gov.tw/dataset/7778,2026-01-29T18:09:57+08:00
Event_397000000A_007358,野森開麥拉｜短影音圖文創意競賽,高雄,內門區,野森動物學校,2026-02-01,2026-02-28,28,Sports / Marathon,1.4,1,https://data.gov.tw/dataset/7778,2026-02-04T18:07:53+08:00
Event_397000000A_007363,奧樂雞雙園探險記,高雄,鼓山區,壽山動物園、內門區野森動物學校,2026-02-01,2026-02-28,28,Other,0.4,0,https://data.gov.tw/dataset/7778,2026-02-04T18:07:48+08:00
Event_A15010000H_081683,2026台北國際書展,台北,信義區,台北世界貿易中心展覽一館,2026-02-03,2026-02-08,6,Other,0.55,0,https://www.tibe.org.tw/,2026-09-02T02:00:04+08:00
Event_382000000A_003696,2026永和區新春揮毫,新北,永和區,永和區國父紀念館(永和區竹林路202號),2026-02-05,2026-02-07,3,Other,0.85,0,https://data.gov.tw/dataset/7778,2026-01-23T03:38:27+08:00
Event_382000000A_003697,2026永和新春燈會點燈活動,新北,永和區,永和區公所區民廣場 （永和區竹林路200號）,2026-02-05,2026-03-06,30,Major celebration,1.6,1,https://data.gov.tw/dataset/7778,2026-01-23T03:41:27+08:00
Event_382000000A_003709,夢的演繹,新北,中和區,美麗永安藝文中心,2026-02-05,2026-03-04,28,Other,0.8,0,https://data.gov.tw/dataset/7778,2026-01-30T10:42:49+08:00
Event_382000000A_003717,2026萬金杜鵑｜馬上出花,新北,金山區,中山溫泉公園、萬里觀光公園、瑪鋉運動公園、萬里大鵬足湯公園,2026-02-06,2026-03-08,31,Expo / Exhibition,0.5,0,https://data.gov.tw/dataset/7778,2026-02-09T08:06:42+08:00
Event_382000000A_003723,金馬陶趣-2026年陶博館春節活動,新北,鶯歌區,新北市立鶯歌陶瓷博物館,2026-02-06,2026-02-28,23,Expo / Exhibition,0.8,0,https://data.gov.tw/dataset/7778,2026-02-12T08:47:36+08:00
Event_382000000A_003736,棉線與石頭,新北,鶯歌區,新北市美術館,2026-02-06,2026-06-14,129,Other,0.5,0,https://data.gov.tw/dataset/7778,2026-02-24T09:12:00+08:00
Event_397000000A_007307,2026 Kaohsiung Wonderland 冬日遊樂園｜超人力霸王,高雄,鹽埕區,愛河灣及高雄港16-18號碼頭,2026-02-07,2026-03-01,23,Other,0.4,0,https://data.gov.tw/dataset/7778,2026-03-05T09:46:14+08:00
Event_397000000A_007379,2026鳳山光之季,高雄,鳳山區,大東公園、中華街商圈、曹公圳周邊等,2026-02-07,2026-03-03,25,Market / Family,0.6,0,https://data.gov.tw/dataset/7778,2026-02-11T18:23:34+08:00
Event_397000000A_007381,高雄冬日遊樂園｜超人力霸王快閃店,高雄,鹽埕區,高雄流行音樂中心 音浪塔1樓,2026-02-07,2026-03-01,23,Other,1.6,1,https://data.gov.tw/dataset/7778,2026-02-11T18:23:41+08:00
Event_A15010000H_081874,2026高雄燈會,高雄,苓雅區,愛河灣,2026-02-07,2026-03-01,23,Major celebration,1.6,1,https://www.facebook.com/khh.travel,2026-09-02T02:00:04+08:00
Event_A15010900H_005319,紫蝶親子創意走秀活動,高雄,茂林區,茂林紫蝶生態公園,2026-02-07,2026-02-07,1,Market / Family,1.5,0,https://data.gov.tw/dataset/7778,2026-01-13T14:26:28+08:00
Event_382000000A_003695,2026樂府中｜來電祭 Dan Dan Festival,新北,板橋區,板橋府中廣場(捷運府中站2號出口),2026-02-07,2026-02-08,2,Other,0.85,0,https://data.gov.tw/dataset/7778,2026-01-23T03:29:35+08:00
Event_382000000A_003730,馬上金喜｜新北市立黃金博物館春節活動,新北,瑞芳區,金光路8號(新北市立黃金博物館),2026-02-07,2026-02-22,16,Other,0.8,0,https://data.gov.tw/dataset/7778,2026-02-13T08:40:21+08:00
Event_A15011000H_000288,「名人開館 藝遊三芝」藝術工作坊,新北,三芝區,埔坪里埔頭坑164-2號,2026-02-07,2026-03-14,36,Other,0.25,0,https://www.northguan-nsa.gov.tw/user/article.aspx?Lang=1&SNo=04008930,2026-09-03T00:00:05+08:00
Event_382000000A_003718,2026新北文化走春-馬力全開,新北,板橋區,,2026-02-10,2026-02-22,13,Other,0.55,0,https://data.gov.tw/dataset/7778,2026-02-09T16:34:08+08:00
Event_382000000A_003727,2026新北市樹林之美新春嘉年華燈會,新北,樹林區,新北市樹林區後站廣場、財團法人新北市樹林鎮南宮廣場、山佳火車站站前廣場,2026-02-10,2026-03-08,27,Major celebration,1.6,1,https://data.gov.tw/dataset/7778,2026-02-13T07:07:29+08:00
Event_382000000A_003707,陶瓷美術的裝飾技法與繪畫—林發權、王宣文陶藝展,新北,鶯歌區,新北市立鶯歌陶瓷博物館,2026-02-12,2026-03-15,32,Other,0.5,0,https://data.gov.tw/dataset/7778,2026-01-30T10:24:12+08:00
Event_A15010000H_081652,2026武陵農場櫻花季,台中,和平區,武陵農場,2026-02-13,2026-03-01,17,Other,0.4,0,https://www.wuling-farm.com.tw/tw/index.php,2026-09-02T02:00:04+08:00
Event_A15010000H_081901,2026福壽山農場千櫻園賞櫻季,台中,和平區,和平區福壽路29號,2026-02-14,2026-02-28,15,Other,0.4,0,https://www.fushoushan.com.tw/,2026-09-02T02:00:04+08:00
Event_376430000A_006714,2026桃園藝術巡演八德場－即將成真火舞團《珍火馬戲團》火舞表演,桃園,八德區,八德霄裡玉元宮前空地,2026-02-14,2026-02-14,1,Other,1,0,https://data.gov.tw/dataset/7778,2026-02-02T16:47:05+08:00
Event_397000000A_007340,2026岡山燈藝節,高雄,岡山區,岡山河堤公園,2026-02-14,2026-03-03,18,Market / Family,0.6,0,https://data.gov.tw/dataset/7778,2026-01-26T10:12:32+08:00
Event_387000000A_009975,2026中臺灣燈會-幸福蜜馬  臺中MOOMIN ON,台中,西屯區,中央公園,2026-02-15,2026-03-03,17,Major celebration,1.6,1,https://data.gov.tw/dataset/7778,2026-07-06T17:17:10+08:00
Event_387000000A_010058,115-116年探索臺中之美 引客獎勵方案,台中,中區,,2026-02-15,2027-03-08,387,Major celebration,1,1,https://data.gov.tw/dataset/7778,2026-08-04T16:54:31+08:00
Event_397000000A_007372,2026香港年宵在高雄,高雄,前金區,高雄中央公園（捷運 1 號出口可達）,2026-02-18,2026-02-20,3,Market / Family,1.27,0,https://data.gov.tw/dataset/7778,2026-02-11T18:23:57+08:00
Event_382000000A_003729,2026年新春主題活動「天馬行空 – 新春Smart」,新北,板橋區,濕地故事館,2026-02-18,2026-02-21,4,Other,0.55,0,https://data.gov.tw/dataset/7778,2026-02-13T07:59:39+08:00
Event_376430000A_006717,Horse來了！鬥陣走春去！,桃園,中壢區,中原文創園區 13倉,2026-02-19,2026-02-22,4,Other,0.55,0,https://data.gov.tw/dataset/7778,2026-03-30T17:02:32+08:00
Event_382000000A_003706,2026新北燈會,新北,三重區,新北大都會公園－幸福水漾園區（熊猴森樂園旁）,2026-02-19,2026-03-08,18,Major celebration,1.6,1,https://data.gov.tw/dataset/7778,2026-01-30T10:09:57+08:00
Event_A15010000H_081688,2026臺中媽祖國際觀光文化節,台中,大甲區,12間百年宮廟,2026-02-20,2026-05-16,86,Other,0.25,0,https://www.culture.taichung.gov.tw/3206093/post,2026-09-02T02:00:04+08:00
Event_397000000A_007368,2026冬日遊樂園寫生暨著色畫比賽,高雄,苓雅區,高雄港18號碼頭（高雄旅運中心旁）,2026-02-20,2026-02-22,3,Major celebration,3.4,1,https://data.gov.tw/dataset/7778,2026-02-11T18:24:09+08:00
Event_A15010000H_081523,2026新北燈會,新北,三重區,新北大都會公園,2026-02-20,2026-03-08,17,Major celebration,1.6,1,https://www.facebook.com/ntctour/,2026-09-02T02:00:04+08:00
Event_387000000A_010107,2026 台灣好行 一路向海旅行趣 創意遊程影片徵件活動,台中,中區,,2026-02-25,2026-05-15,80,Sports / Marathon,0.88,1,https://data.gov.tw/dataset/7778,2026-05-15T17:22:07+08:00
Event_A15010000H_081923,2026台北燈節,台北,中正區,西門展區(捷運西門站、中華路一段、中山堂廣場),2026-02-25,2026-03-15,19,Major celebration,1.6,1,https://data.gov.tw/dataset/7778,2026-09-02T02:00:04+08:00
Event_376430000A_006658,2026桃園燈會,桃園,桃園區,虎頭山創新園區,2026-02-25,2026-03-08,12,Major celebration,2.2,1,https://data.gov.tw/dataset/7778,2026-02-25T14:36:07+08:00
Event_376430000A_006664,2026魯冰花季,桃園,龍潭區,大北坑休閒農業區,2026-02-26,2026-03-08,11,Other,0.55,0,https://data.gov.tw/dataset/7778,2026-02-10T14:37:16+08:00
Event_376430000A_006725,115年龍潭元宵藝術燈會展覽,桃園,龍潭區,龍潭大池及周邊區域,2026-02-26,2026-03-08,11,Major celebration,2.2,1,https://data.gov.tw/dataset/7778,2026-02-10T16:50:23+08:00
Event_382000000A_003691,2026新北市平溪天燈節,新北,平溪區,,2026-02-26,2026-03-03,6,Major celebration,2.2,1,https://data.gov.tw/dataset/7778,2026-01-30T12:01:39+08:00
Event_382000000A_003728,2026年花見櫻花季－滬尾健康大步走,新北,淡水區,學府路90號(普學禪寺),2026-02-26,2026-02-27,2,Other,0.85,0,https://data.gov.tw/dataset/7778,2026-02-26T09:41:47+08:00
Event_387000000A_010105,2026后里櫻花季觀光活動,台中,后里區,泰安派出所,2026-02-27,2026-03-08,10,Other,0.55,0,https://data.gov.tw/dataset/7778,2026-02-24T12:02:00+08:00
Event_376430000A_006688,2026龍潭迎古董接財神,桃園,龍潭區,南天宮廟埕,2026-02-27,2026-02-28,2,Other,0.85,0,https://data.gov.tw/dataset/7778,2026-02-06T16:54:59+08:00
Event_376430000A_006706,2026蘆竹炫YA農遊季,桃園,蘆竹區,大古路228號,2026-02-27,2026-04-19,52,Other,0.25,0,https://data.gov.tw/dataset/7778,2026-02-24T14:25:04+08:00
Event_397000000A_007400,燈耀元宵・龜納平安,高雄,大寮區,捷西路298號,2026-02-27,2026-02-27,1,Major celebration,4,1,https://data.gov.tw/dataset/7778,2026-02-13T16:58:31+08:00
Event_397000000A_007415,2026冬日遊樂園運動體驗派對｜變身吧！運動超人！,高雄,鼓山區,高雄港7號碼頭(高雄市鼓山區蓬萊路1之15號),2026-02-27,2026-03-01,3,Market / Family,1.27,0,https://data.gov.tw/dataset/7778,2026-02-25T12:28:49+08:00
Event_397000000A_007416,2026大港青年防衛隊,高雄,鹽埕區,駁二淺三碼頭（大港橋旁）,2026-02-27,2026-02-28,2,Market / Family,1.27,0,https://data.gov.tw/dataset/7778,2026-02-25T12:43:00+08:00
Event_A15010000H_081710,2026新北市平溪天燈節,新北,平溪區,南山坪136號,2026-02-27,2026-03-03,5,Major celebration,2.2,1,https://newtaipei.travel/zh-tw/calendar/detail/3691,2026-09-02T02:00:04+08:00
Event_387000000A_010062,浮現祭EMERGE FEST 2026,台中,清水區,鰲海路70號,2026-02-28,2026-03-01,2,Other,0.85,0,https://data.gov.tw/dataset/7778,2026-02-05T11:03:26+08:00
Event_382000000A_003724,2026茶山繚療,新北,萬里區,,2026-02-28,2026-04-30,62,Other,0.25,0,https://data.gov.tw/dataset/7778,2026-02-12T08:55:31+08:00
Event_382000000A_003813,2026新北考古季：永續蔚藍進行式,新北,八里區,新北市立十三行博物館,2026-02-28,2026-05-17,79,Major celebration,1,1,https://data.gov.tw/dataset/7778,2026-04-22T17:11:28+08:00
Event_376430000A_006724,2026年靚靚楊梅慶元宵,桃園,楊梅區,楊梅區公所(大成路2號),2026-03-01,2026-03-01,1,Other,1,0,https://data.gov.tw/dataset/7778,2026-03-04T17:53:57+08:00
Event_382000000A_003703,2026新北市宗教文化節-野柳神明淨港文化祭,新北,萬里區,,2026-03-01,2026-03-03,3,Other,0.85,0,https://data.gov.tw/dataset/7778,2026-02-11T01:37:58+08:00
Event_382000000A_003756,「被風帶走的土地 The Land Carried by the Wind」游雅茜個展,新北,淡水區,中正路一段34號(滬尾礮臺),2026-03-04,2026-04-20,48,Expo / Exhibition,0.5,0,https://data.gov.tw/dataset/7778,2026-03-13T11:40:50+08:00
Event_397000000A_007443,2026 WBC世界棒球經典賽高雄轉播活動,高雄,鳳山區,衛武營國家藝術文化中心 榕樹廣場,2026-03-05,2026-03-08,4,Other,1.1,0,https://data.gov.tw/dataset/7778,2026-03-04T09:51:50+08:00
Event_382000000A_003748,中港大排光雕展,新北,新莊區,中港大排中港廣場,2026-03-05,2026-03-29,25,Other,0.4,0,https://data.gov.tw/dataset/7778,2026-03-06T07:11:13+08:00
Event_397000000A_007271,2026日光海島生活節,高雄,前金區,中央公園 X 高雄車站,2026-03-06,2026-03-08,3,Market / Family,1.27,0,https://data.gov.tw/dataset/7778,2026-03-04T09:40:37+08:00
Event_382000000A_003739,2026年花見櫻花季－金山櫻花健走,新北,金山區,中山溫泉公園,2026-03-06,2026-03-07,2,Other,0.85,0,https://data.gov.tw/dataset/7778,2026-02-26T09:41:03+08:00
Event_387000000A_010110,台灣年度最大雞尾酒嘉年華    ,台中,北區,雙十路一段65號,2026-03-07,2026-03-07,1,Major celebration,4,1,https://data.gov.tw/dataset/7778,2026-03-03T09:41:34+08:00
Event_397000000A_007298,KSAF《加勒比海盜 神鬼奇航：鬼盜船魔咒》電影草地音樂會,高雄,鼓山區,高美館草坡（美術館路80號）,2026-03-07,2026-03-08,2,Other,1.7,0,https://data.gov.tw/dataset/7778,2026-01-14T10:47:46+08:00
Event_397000000A_007450,2026鹽埕藝術季,高雄,鹽埕區,各展覽空間與公共場域,2026-03-07,2026-04-26,51,Expo / Exhibition,0.5,0,https://data.gov.tw/dataset/7778,2026-03-11T22:22:37+08:00
Event_382000000A_003740,2026新北客家天穿日｜女力生活節,新北,三峽區,新北客家文化園區,2026-03-07,2026-03-08,2,Other,0.85,0,https://data.gov.tw/dataset/7778,2026-02-26T09:57:39+08:00
Event_376430000A_006761,「見像・聞聲」聽見陶瓷特展,桃園,中壢區,中原文創園區 1倉、2倉、3倉、微型廣場B,2026-03-13,2026-05-10,59,Expo / Exhibition,0.5,0,https://data.gov.tw/dataset/7778,2026-03-13T17:50:11+08:00
Event_397000000A_007230,2026高雄櫻花季音樂節,高雄,前鎮區,高雄夢時代前廣場,2026-03-13,2026-03-15,3,Concert / Music festival,3.4,1,https://data.gov.tw/dataset/7778,2026-02-06T23:41:04+08:00
Event_382000000A_003749,2026觀音觀鷹再觀櫻,新北,三芝區,三芝遊客中心前廣場,2026-03-13,2026-03-22,10,Other,0.55,0,https://data.gov.tw/dataset/7778,2026-03-06T07:09:12+08:00
Event_397000000A_007242,KSAF《喵的奇幻漂流》 電影草地音樂會,高雄,鼓山區,美術館路80號(高美館草坡),2026-03-14,2026-03-15,2,Major celebration,3.4,1,https://data.gov.tw/dataset/7778,2025-12-23T10:51:56+08:00
Event_397000000A_007449,媽祖護航！草帽海賊大遊行,高雄,苓雅區,海邊路與成功二路交叉口,2026-03-14,2026-03-14,1,Other,1,0,https://data.gov.tw/dataset/7778,2026-03-11T22:23:01+08:00
Event_382000000A_003698,2026新北市萬金石馬拉松,新北,萬里區,太平洋建設第二停車場,2026-03-14,2026-03-15,2,Sports / Marathon,2.98,1,https://data.gov.tw/dataset/7778,2026-03-06T09:42:27+08:00
Event_387000000A_010128,台中城市郊山探旅活動-我是登山王,台中,北屯區,大坑風景區,2026-03-15,2026-09-15,185,Market / Family,0.38,0,https://data.gov.tw/dataset/7778,2026-03-11T16:46:52+08:00
Event_397000000A_007393,高雄惠豐里春季循環經濟二手市集,高雄,楠梓區,楠梓監理所圍牆外綠蔭步道 &#160;(都會公園捷運站4號出口旁),2026-03-15,2026-03-15,1,Market / Family,1.5,0,https://data.gov.tw/dataset/7778,2026-02-11T18:23:47+08:00
Event_376430000A_006633,2026國際自由車環台賽-桃園市站,桃園,中壢區,起點:中壢青塘園 終點:復興區角板山,2026-03-16,2026-03-16,1,Sports / Marathon,3.5,1,https://data.gov.tw/dataset/7778,2026-01-26T10:41:41+08:00
Event_397000000A_007483,有塩人大舞台,高雄,鹽埕區,鹽埕第一公有市場與市場周邊,2026-03-19,2026-03-22,4,Other,0.55,0,https://data.gov.tw/dataset/7778,2026-03-19T10:12:03+08:00
Event_387000000A_010143,搭乘555機場快捷線 抽澳門航空來回機票,台中,中區,,2026-03-20,2026-04-20,32,Expo / Exhibition,0.5,0,https://data.gov.tw/dataset/7778,2026-03-25T14:01:05+08:00
Event_382000000A_003747,2026新北春紛節,新北,三重區,新北大都會公園－幸福水漾園區,2026-03-20,2026-03-22,3,Other,0.85,0,https://data.gov.tw/dataset/7778,2026-03-06T06:41:26+08:00
Event_382000000A_003766,托馬斯．薩拉切諾：共織宇宙,新北,鶯歌區,新北市美術館6A、6B展覽室,2026-03-20,2026-09-06,171,Expo / Exhibition,0.5,0,https://data.gov.tw/dataset/7778,2026-03-27T02:56:05+08:00
Event_376430000A_006742,2026櫻花勇士｜探索北橫・騎行羅馬,桃園,大溪區,慈湖遊客中心(復興路一段1097號),2026-03-21,2026-03-22,2,Other,0.85,0,https://data.gov.tw/dataset/7778,2026-02-26T16:48:31+08:00
Event_397000000A_007283,2026大港開唱 Megaport FestivalＸ國泰世華銀行,高雄,鹽埕區,駁二藝術特區,2026-03-21,2026-03-22,2,Concert / Music festival,3.4,1,https://data.gov.tw/dataset/7778,2026-03-30T16:21:01+08:00
Event_397000000A_007428,2026高雄內門宋江陣,高雄,內門區,內門紫竹寺,2026-03-21,2026-04-05,16,Major celebration,1.6,1,https://data.gov.tw/dataset/7778,2026-04-07T09:42:49+08:00
Event_A15010000H_081699,2026高雄內門宋江陣,高雄,內門區,內門順賢宮,2026-03-21,2026-04-05,16,Major celebration,1.6,1,https://www.facebook.com/kaohsiungwhoha/?locale=zh_TW,2026-09-02T02:00:04+08:00
Event_A15010000H_081684,2026臺北時裝週,台北,大安區,空總臺灣當代文化實驗場,2026-03-26,2026-10-18,207,Other,0.25,0,https://www.facebook.com/tpefashionweek/?locale=zh_TW,2026-09-02T02:00:04+08:00
Event_382000000A_003767,新美Fun映 × 台灣國際兒童影展,新北,鶯歌區,新北市美術館 – 探索基地 L3,2026-03-26,2026-04-26,32,Market / Family,0.5,0,https://data.gov.tw/dataset/7778,2026-03-27T03:10:03+08:00
Event_376430000A_006731,2026桃園彩色海芋季-園夢奇芋記,桃園,大園區,溪海休閒農業區,2026-03-27,2026-04-12,17,Other,0.4,0,https://data.gov.tw/dataset/7778,2026-03-17T10:05:07+08:00
Event_397000000A_007452,2026那瑪夏賞螢季暨水蜜桃系列活動,高雄,那瑪夏區,,2026-03-27,2026-05-03,38,Market / Family,0.38,0,https://data.gov.tw/dataset/7778,2026-05-04T10:27:48+08:00
Event_382000000A_003761,2026第六屆三峽綠茶季｜春萌無限,新北,三峽區,國立臺北大學三峽校區 行政大樓後方廣場,2026-03-27,2026-03-29,3,Other,0.85,0,https://data.gov.tw/dataset/7778,2026-03-19T09:11:43+08:00
Event_387000000A_010142,Holi in Taichung 2026－色彩狂歡節,台中,南屯區,白陽山,2026-03-28,2026-03-28,1,Major celebration,4,1,https://data.gov.tw/dataset/7778,2026-03-25T11:15:52+08:00
Event_387000000A_010148,115年臺中市食農教育成果展暨校園食農教育嘉年華活動,台中,北區,館前路1號,2026-03-28,2026-03-28,1,Major celebration,4,1,https://data.gov.tw/dataset/7778,2026-03-27T15:28:42+08:00
Event_376430000A_006673,2026平鎮藝術季-PZ同話世界,桃園,平鎮區,,2026-03-28,2026-05-09,43,Other,0.25,0,https://data.gov.tw/dataset/7778,2026-04-17T16:32:22+08:00
Event_376430000A_006760,2026桃園藝術巡演中壢場-蘋果劇團《追夢投手果果》兒童劇,桃園,中壢區,文化公園天幕籃球場,2026-03-28,2026-03-28,1,Market / Family,1.5,0,https://data.gov.tw/dataset/7778,2026-03-13T17:51:05+08:00
Event_397000000A_007500,六龜湯旅春遊季,高雄,六龜區,寶來溫泉區、不老溫泉區,2026-03-28,2026-05-30,64,Concert / Music festival,1,1,https://data.gov.tw/dataset/7778,2026-05-29T09:49:26+08:00
Event_397000000A_007470,【漢餅文化館】4-6月手作課程體驗,高雄,大寮區,捷西路298號 ( 大寮捷運站1號出口 ),2026-04-01,2026-06-30,91,Other,0.25,0,https://data.gov.tw/dataset/7778,2026-03-13T14:24:31+08:00
Event_382000000A_003759,2026 435藝啟童樂,新北,板橋區,435藝文特區,2026-04-02,2026-04-05,4,Market / Family,0.83,0,https://data.gov.tw/dataset/7778,2026-03-19T09:01:41+08:00
Event_382000000A_003768,2026春遊三鶯,新北,鶯歌區,新北市立鶯歌陶瓷博物館,2026-04-02,2026-06-21,81,Other,0.5,0,https://data.gov.tw/dataset/7778,2026-03-27T03:16:26+08:00
Event_382000000A_003793,「13 品日子 13 Fine Artworks」吳美瑤綜合媒材創作個展,新北,淡水區,三民街2巷2號(淡水木下靜涯舊居),2026-04-02,2026-05-19,48,Expo / Exhibition,0.5,0,https://data.gov.tw/dataset/7778,2026-04-10T08:19:20+08:00
Event_397000000A_007478,2026高雄兒童節｜恐龍酷樂園,高雄,鳳山區,衛武營國家藝術文化中心,2026-04-03,2026-04-06,4,Major celebration,2.2,1,https://data.gov.tw/dataset/7778,2026-04-07T09:42:44+08:00
Event_397000000A_007495,壽山童話祭,高雄,鼓山區,壽山動物園,2026-04-03,2026-04-06,4,Market / Family,0.83,0,https://data.gov.tw/dataset/7778,2026-03-25T09:47:10+08:00
Event_397000000A_007506,駁二兒童節主題活動｜B!G SURPR!SE 驚嘆號小島！,高雄,鼓山區,駁二蓬萊區 哈瑪星鐵道園區、B10倉庫,2026-04-03,2026-04-06,4,Market / Family,0.83,0,https://data.gov.tw/dataset/7778,2026-03-31T10:32:14+08:00
Event_397000000A_007507,2026放瘋童樂會｜棧貳庫 大港倉,高雄,鼓山區,棧貳庫 海側廣場 / 大港倉 大港倉花園,2026-04-03,2026-04-06,4,Other,0.55,0,https://data.gov.tw/dataset/7778,2026-03-31T10:25:20+08:00
Event_397000000A_007514,2026爵對有春,高雄,鹽埕區,高雄流行音樂中心,2026-04-03,2026-04-06,4,Market / Family,2.2,1,https://data.gov.tw/dataset/7778,2026-04-02T11:09:21+08:00
Event_397000000A_007516,2026山那邊的市集,高雄,六龜區,新威森林公園,2026-04-03,2026-04-06,4,Market / Family,0.83,0,https://data.gov.tw/dataset/7778,2026-04-02T11:30:21+08:00
Event_397000000A_007534,奧拉之城 III — 未來已讀,高雄,鼓山區,高雄市立美術館園區,2026-04-03,2026-06-07,66,Expo / Exhibition,0.5,0,https://data.gov.tw/dataset/7778,2026-04-10T14:20:57+08:00
Event_382000000A_003790,2026新北市黑白切,新北,蘆洲區,國立空中大學,2026-04-10,2026-04-12,3,Market / Family,1.27,0,https://data.gov.tw/dataset/7778,2026-04-10T07:47:45+08:00
Event_387000000A_010156,2026大坑蝶螢嘉年華,台中,北屯區,大政段357地號,2026-04-11,2026-06-14,65,Major celebration,1,1,https://data.gov.tw/dataset/7778,2026-04-08T07:37:12+08:00
Event_376430000A_006700,2026桃園鐵玫瑰藝術節,桃園,桃園區,展演中心,2026-04-11,2026-05-24,44,Major celebration,1,1,https://data.gov.tw/dataset/7778,2026-08-18T16:38:58+08:00
Event_397000000A_007473,2026 Apink Asia Tour 《The Origin：APINK》 in KAOHSIUNG,高雄,鹽埕區,高雄流行音樂中心,2026-04-11,2026-04-11,1,Other,4,1,https://data.gov.tw/dataset/7778,2026-03-17T15:03:39+08:00
Event_397000000A_007598,冰河巨獸展！化石博覽會,高雄,鼓山區,蓬萊路17號(棧貳庫KW2),2026-04-11,2026-10-11,184,Expo / Exhibition,0.5,0,https://data.gov.tw/dataset/7778,2026-05-05T14:24:48+08:00
Event_382000000A_003791,2026新北市多元文化節-世界民藝俱樂部,新北,鶯歌區,新北市美術館,2026-04-11,2026-05-17,37,Other,0.5,0,https://data.gov.tw/dataset/7778,2026-04-10T08:00:21+08:00
Event_397000000A_007270,2026 ZEPRO RUN全國半程馬拉松：高雄場,高雄,前鎮區,時代大道(成功二路-中華五路),2026-04-12,2026-04-12,1,Sports / Marathon,3.5,1,https://data.gov.tw/dataset/7778,2026-01-06T10:12:02+08:00
Event_382000000A_003799,2026新北珠蔥季｜蔥蔥容容，漫遊平溪,新北,平溪區,,2026-04-13,2026-05-15,33,Other,0.25,0,https://data.gov.tw/dataset/7778,2026-04-16T09:31:05+08:00
Event_397000000A_007538,2026高雄永續食農生活節,高雄,前鎮區,高雄市立圖書館總館8樓展覽區,2026-04-14,2026-04-27,14,Expo / Exhibition,1.1,0,https://data.gov.tw/dataset/7778,2026-04-13T15:25:25+08:00
Event_397000000A_007591,高雄GO！海線潮旅行 APP 任務,高雄,茄萣區,、永安、彌陀、梓官及林園,2026-04-15,2026-06-30,77,Other,0.25,0,https://data.gov.tw/dataset/7778,2026-06-29T16:59:48+08:00
Event_382000000A_003775,2026坪林螢光季｜螢光樂園,新北,坪林區,坪林區公所、坪林老街、坪林親水吊橋等坪林區周邊街道,2026-04-16,2026-04-26,11,Other,0.55,0,https://data.gov.tw/dataset/7778,2026-04-02T02:07:01+08:00
Event_382000000A_003798,印與款：臺灣陶痕特展,新北,鶯歌區,文化路200號(鶯歌陶瓷博物館 三樓特展室),2026-04-16,2026-07-12,88,Expo / Exhibition,0.5,0,https://data.gov.tw/dataset/7778,2026-04-16T07:33:51+08:00
Event_387000000A_010161,「2026臺中市逍遙音樂町－暮色之歌．光音奔馳」節能減碳 在地行動 go!!,台中,神岡區,神岡路30號,2026-04-17,2026-04-18,2,Market / Family,1.27,0,https://data.gov.tw/dataset/7778,2026-04-17T13:26:41+08:00
Event_387000000A_010164,相約東海藝術街:台中木偶劇團X街藝匯演,台中,龍井區,藝術街48-70號,2026-04-17,2026-04-25,9,Market / Family,0.83,0,https://data.gov.tw/dataset/7778,2026-04-17T13:47:27+08:00
Event_382000000A_003776,2026新北環境季,新北,板橋區,板橋435藝文特區(濕地故事館外圍廣場),2026-04-17,2026-04-18,2,Other,0.85,0,https://data.gov.tw/dataset/7778,2026-04-02T02:08:02+08:00
Event_382000000A_003777,2026土城桐花祭,新北,土城區,海山捷運站廣場,2026-04-17,2026-04-18,2,Other,0.85,0,https://data.gov.tw/dataset/7778,2026-04-02T02:16:38+08:00
Event_382000000A_003778,2026新北市客家桐花祭｜在土城有福桐享共下行,新北,土城區,公車南天母廣場站(土城區南天母路171巷口),2026-04-17,2026-04-19,3,Other,0.85,0,https://data.gov.tw/dataset/7778,2026-04-02T02:48:04+08:00
Event_382000000A_003800,2026新北閱讀節「聽見．樂讀」,新北,板橋區,新北市圖總館暨各分館,2026-04-17,2026-05-31,45,Market / Family,0.38,0,https://data.gov.tw/dataset/7778,2026-04-16T09:37:29+08:00
Event_382000000A_003812,我和大橋在一起｜淡江大橋開幕藝術季,新北,淡水區,淡江大橋,2026-04-17,2026-05-09,23,Other,0.4,0,https://data.gov.tw/dataset/7778,2026-04-21T18:00:50+08:00
Event_376430000A_006665,2026桃園桐花祭 桐花童話,桃園,龍潭區,中正路三林段500號,2026-04-18,2026-05-09,22,Other,0.4,0,https://data.gov.tw/dataset/7778,2026-04-15T11:25:27+08:00
Event_376430000A_006815,I LOVE 老城區！桃園城市導覽走讀,桃園,桃園區,桃園火車站旅客服務中心,2026-04-18,2026-04-26,9,Other,0.55,0,https://data.gov.tw/dataset/7778,2026-04-23T13:44:08+08:00
Event_382000000A_003632,2026新北鐵道馬拉松接力賽,新北,貢寮區,福容大飯店福隆,2026-04-18,2026-04-19,2,Sports / Marathon,2.98,1,https://data.gov.tw/dataset/7778,2025-11-21T03:38:07+08:00
Event_382000000A_003779,2026新北市客家桐花祭｜在瑞芳有福桐享共下行,新北,瑞芳區,吉安宮(瑞竹路91號),2026-04-18,2026-04-19,2,Other,0.85,0,https://data.gov.tw/dataset/7778,2026-04-02T02:47:56+08:00
Event_382000000A_003780,2026新北市客家桐花祭｜在深坑有福桐享共下行,新北,深坑區,萬福生態公園(新北市深坑區北深路三段158巷2號),2026-04-18,2026-04-19,2,Other,0.85,0,https://data.gov.tw/dataset/7778,2026-04-02T02:47:46+08:00
Event_A15010000H_081908,2026新北市鐵道馬拉松接力賽,新北,貢寮區,福容大飯店福隆（彩虹橋前廣場）,2026-04-19,2026-04-19,1,Sports / Marathon,3.5,1,https://newtaipei.travel/zh-tw/calendar/detail/3632,2026-09-02T02:00:04+08:00
Event_387000000A_010173,2026 ATTA 臺中國際旅展,台中,西屯區,黎明路三段1000號,2026-04-22,2026-04-27,6,Major celebration,2.2,1,https://data.gov.tw/dataset/7778,2026-04-22T21:47:03+08:00
Event_382000000A_003760,阮ê海海人生-臺韓海洋文化交流特展,新北,八里區,博物館路200號,2026-04-22,2027-01-03,257,Expo / Exhibition,0.5,0,https://data.gov.tw/dataset/7778,2026-03-19T09:01:22+08:00
Event_382000000A_003811,金鷹歸來：隆興閣掌中武林特展,新北,新莊區,新莊文化藝術中心(2樓布袋戲文物館),2026-04-22,2027-03-14,327,Expo / Exhibition,0.5,0,https://data.gov.tw/dataset/7778,2026-04-21T09:23:11+08:00
Event_382000000A_003815,2026新北國際街舞大賽,新北,板橋區,文化路一段313號,2026-04-22,2026-08-02,103,Sports / Marathon,0.88,1,https://data.gov.tw/dataset/7778,2026-04-30T12:25:25+08:00
Event_397000000A_007451,KSAF《日本江戶傳統藝能之夜》,高雄,苓雅區,高雄文化中心至德堂,2026-04-24,2026-04-24,1,Major celebration,4,1,https://data.gov.tw/dataset/7778,2026-03-12T10:16:37+08:00
Event_397000000A_007454,CxM [DOUBLE UP] LIVE PARTY in KAOHSIUNG,高雄,左營區,高雄巨蛋,2026-04-24,2026-04-26,3,Other,3.4,1,https://data.gov.tw/dataset/7778,2026-05-28T18:09:42+08:00
Event_397000000A_007558,邊緣人市集EDGEMAN MARKET X 趴哩趴哩,高雄,鹽埕區,駁二藝術特區｜大義區紅磚廊道,2026-04-24,2026-04-26,3,Market / Family,1.27,0,https://data.gov.tw/dataset/7778,2026-04-20T17:23:05+08:00
Event_382000000A_003769,淡江大橋健行｜好朋友來瞧橋,新北,淡水區,淡江大橋,2026-04-24,2026-04-25,2,Other,0.85,0,https://data.gov.tw/dataset/7778,2026-06-29T08:53:19+08:00
Event_382000000A_003782,2026新北市客家桐花祭｜在鶯歌有福桐享共下行,新北,鶯歌區,鶯歌農場(鶯歌區環河路169號),2026-04-24,2026-04-25,2,Other,0.85,0,https://data.gov.tw/dataset/7778,2026-04-02T02:51:08+08:00
Event_382000000A_003783,2026新北市客家桐花祭｜在三芝有福桐享共下行,新北,三芝區,捷運紅樹林站,2026-04-24,2026-04-25,2,Other,0.85,0,https://data.gov.tw/dataset/7778,2026-04-02T10:36:20+08:00
Event_382000000A_003810,「新星藝綻」2026新北市學校合作計畫,新北,板橋區,新北市藝文中心、新莊文化藝術中心、美麗永安藝文中心,2026-04-24,2026-09-20,150,Expo / Exhibition,0.5,0,https://data.gov.tw/dataset/7778,2026-04-21T09:18:44+08:00
Event_382000000A_003868,新美花嘿噴？,新北,鶯歌區,新北市美術館 – 新美聚場,2026-04-24,2026-08-16,115,Other,0.5,0,https://data.gov.tw/dataset/7778,2026-05-29T09:47:31+08:00
Event_376430000A_006662,2026龍岡米干節,桃園,平鎮區,忠貞新村文化園區,2026-04-25,2026-05-02,8,Other,0.55,0,https://data.gov.tw/dataset/7778,2026-04-14T10:29:40+08:00
Event_A15010000H_081714,2026桃園龍岡米干節,桃園,平鎮區,忠貞新村文化園區,2026-04-25,2026-05-02,8,Major celebration,2.2,1,https://data.gov.tw/dataset/7778,2026-09-02T02:00:04+08:00
Event_397000000A_007527,KSAF 英國望生劇團《充滿希望的怪物》物件劇場,高雄,鼓山區,蓬萊路99號(駁二藝術特區蓬萊倉庫 B9棟),2026-04-25,2026-04-26,2,Other,0.85,0,https://data.gov.tw/dataset/7778,2026-04-09T11:50:05+08:00
Event_397000000A_007546,2026嬉啤秘蜜派對,高雄,鹽埕區,駁二藝術特區 大義公園,2026-04-25,2026-04-26,2,Other,0.85,0,https://data.gov.tw/dataset/7778,2026-04-14T18:02:24+08:00
Event_397000000A_007569,找一片綠心—春日野餐趣,高雄,鳥松區,果嶺自然公園,2026-04-25,2026-05-03,9,Market / Family,0.83,0,https://data.gov.tw/dataset/7778,2026-05-04T10:27:36+08:00
Event_382000000A_003784,2026新北市客家桐花祭｜在新店有福桐享共下行,新北,新店區,安坑輕軌機廠(新北市新店區安泰路109號),2026-04-25,2026-04-26,2,Other,0.85,0,https://data.gov.tw/dataset/7778,2026-04-02T02:39:06+08:00
Event_387000000A_010145,2026臺中媽祖國際觀光文化節   鐵道追福-郵輪專列逍遙遊,台中,中區,,2026-04-26,2026-04-26,1,Major celebration,4,1,https://data.gov.tw/dataset/7778,2026-03-27T16:20:42+08:00
Event_397000000A_007539,高雄2026亞洲同志運動會,高雄,鹽埕區,高雄流行音樂中心・海音館,2026-04-30,2026-05-04,5,Sports / Marathon,2.2,1,https://data.gov.tw/dataset/7778,2026-04-13T15:28:31+08:00
Event_382000000A_003805,2026碧潭水舞季,新北,新店區,碧潭風景區,2026-04-30,2026-06-14,46,Other,0.25,0,https://data.gov.tw/dataset/7778,2026-05-12T01:39:20+08:00
Event_382000000A_003827,第八屆臺灣陶藝金陶獎,新北,鶯歌區,文化路200號,2026-04-30,2026-05-31,32,Other,0.25,0,https://data.gov.tw/dataset/7778,2026-05-06T02:00:43+08:00
Event_387000000A_010174,搭乘澳門航空 憑證享樂不停歇！,台中,中區,,2026-05-01,2027-12-31,610,Other,0.25,0,https://data.gov.tw/dataset/7778,2026-06-09T14:59:07+08:00
Event_376430000A_006834,《魔鏡啊魔鏡，誰是最美的媽媽》中原文創母親節活動,桃園,中壢區,中原文創園區 微型廣場B,2026-05-01,2026-05-10,10,Other,0.55,0,https://data.gov.tw/dataset/7778,2026-04-28T11:15:02+08:00
Event_382000000A_003785,2026新北市客家桐花祭｜在石碇有福桐享共下行,新北,石碇區,石碇老街,2026-05-01,2026-05-02,2,Market / Family,1.27,0,https://data.gov.tw/dataset/7778,2026-04-02T10:40:50+08:00
Event_376430000A_006840,2026溪海西瓜節,桃園,大園區,溪海休閒農業區 遊客中心廣場,2026-05-02,2026-07-18,78,Other,0.25,0,https://data.gov.tw/dataset/7778,2026-06-30T16:05:52+08:00
Event_382000000A_003823,2026萬金杜鵑攝影展,新北,板橋區,新北市政府一樓大廳,2026-05-03,2026-05-13,11,Other,0.55,0,https://data.gov.tw/dataset/7778,2026-04-30T04:29:25+08:00
Event_382000000A_003830,2026新北河濱蝶戀季｜漫舞花間,新北,板橋區,環河西路四段18號(板橋蝴蝶公園),2026-05-08,2026-05-24,17,Other,0.4,0,https://data.gov.tw/dataset/7778,2026-05-06T03:18:26+08:00
Event_382000000A_003835,「擺渡：回望民間」新美典藏展 公眾活動,新北,鶯歌區,館前路300號,2026-05-08,2026-08-02,87,Other,0.25,0,https://data.gov.tw/dataset/7778,2026-05-08T02:14:44+08:00
Event_387000000A_010183,2026 鐵山音樂季-春瘋媽祖,台中,大甲區,鐵砧山風景特定區,2026-05-09,2026-05-10,2,Major celebration,3.4,1,https://data.gov.tw/dataset/7778,2026-05-07T14:10:10+08:00
Event_376430000A_006828,2026花現台七－繡球金針農遊趣,桃園,大溪區,百吉休閒農業區、台七桃花源休閒農業區,2026-05-09,2026-05-24,16,Other,0.4,0,https://data.gov.tw/dataset/7778,2026-04-30T16:04:05+08:00
Event_376430000A_006845,2026媽媽桃宣傳活動「媽媽樂桃桃 粉紅市集」,桃園,蘆竹區,台茂購物中心戶外廣場(桃園市蘆竹區南崁路一段112號),2026-05-09,2026-05-10,2,Market / Family,1.27,0,https://data.gov.tw/dataset/7778,2026-05-07T16:29:18+08:00
Event_397000000A_007604,高雄市管樂團《動畫楽ノ祭》－日本動漫交響音樂會3,高雄,鳳山區,衛武營國家藝術文化中心,2026-05-09,2026-08-01,85,Other,0.5,0,https://data.gov.tw/dataset/7778,2026-05-06T16:02:49+08:00
Event_397000000A_007635,雙園打卡GO好禮｜壽山動物園 × 野森動物學校,高雄,鼓山區,壽山動物園、內門區 野森動物學校,2026-05-09,2026-09-30,145,Other,0.25,0,https://data.gov.tw/dataset/7778,2026-07-08T09:34:42+08:00
Event_387000000A_010205,台灣好行套票登錄抽好禮,台中,中區,,2026-05-10,2026-06-12,34,Other,0.25,0,https://data.gov.tw/dataset/7778,2026-06-12T17:26:52+08:00
Event_387000000A_010201,「憑真航空登機證 暢遊臺中!」享臺中在地商家優惠,台中,中區,,2026-05-13,2027-02-28,292,Other,0.25,0,https://data.gov.tw/dataset/7778,2026-07-06T16:40:09+08:00
Event_397000000A_007580,2026青春設計節 Youth Innovative Design Festival,高雄,鹽埕區,駁二藝術特區 大勇及蓬萊倉庫群,2026-05-14,2026-05-17,4,Sports / Marathon,1.93,1,https://data.gov.tw/dataset/7778,2026-04-29T12:12:10+08:00
Event_397000000A_007551,2026高雄市旅行公會國際旅展,高雄,前鎮區,成功二路39號(高雄展覽館),2026-05-15,2026-05-18,4,Expo / Exhibition,1.1,0,https://data.gov.tw/dataset/7778,2026-04-16T11:48:22+08:00
Event_382000000A_003792,2026新北市鼓藝節,新北,新莊區,新莊體育園區 陽光草坪,2026-05-15,2026-05-24,10,Other,0.55,0,https://data.gov.tw/dataset/7778,2026-04-10T08:12:39+08:00
Event_382000000A_003821,2026新北客家山河藝遊活動-「是誰住在山河海裡的大鳳梨裡」,新北,三峽區,新北市客家文化園區,2026-05-15,2026-05-16,2,Other,0.85,0,https://data.gov.tw/dataset/7778,2026-04-30T04:16:54+08:00
Event_382000000A_003834,新北市好市節 淡水海都祭,新北,淡水區,義山路二段301號(淡水海都廣場),2026-05-15,2026-05-17,3,Other,0.85,0,https://data.gov.tw/dataset/7778,2026-05-08T02:06:50+08:00
Event_382000000A_003836,「發生什麼事？」公眾活動,新北,鶯歌區,館前路300號,2026-05-15,2026-08-30,108,Other,0.25,0,https://data.gov.tw/dataset/7778,2026-05-08T02:24:44+08:00
Event_382000000A_003847,2026北海岸傳奇媽祖文化祭,新北,金山區,金包里慈護宮,2026-05-15,2026-06-01,18,Other,0.4,0,https://data.gov.tw/dataset/7778,2026-05-15T02:04:54+08:00
Event_376430000A_006857,《E號出口》2026創意畢業季,桃園,中壢區,中原文創園區,2026-05-16,2026-06-21,37,Other,0.25,0,https://data.gov.tw/dataset/7778,2026-06-05T09:57:18+08:00
Event_397000000A_007557,2026台浮緣日,高雄,鹽埕區,高雄駁二藝術特區（大義倉庫紅磚廊道）,2026-05-16,2026-05-17,2,Other,0.85,0,https://data.gov.tw/dataset/7778,2026-04-20T16:17:14+08:00
Event_397000000A_007615,2026高雄熊 Birthday Party,高雄,前金區,高雄捷運中央公園站,2026-05-16,2026-05-16,1,Market / Family,1.5,0,https://data.gov.tw/dataset/7778,2026-05-11T10:03:33+08:00
Event_397000000A_007634,清淨山林齊步行 環保淨山GoGoGo！,高雄,大社區,觀音山風景區,2026-05-16,2026-05-16,1,Other,1,0,https://data.gov.tw/dataset/7778,2026-05-12T15:22:39+08:00
Event_376430000A_006754,2026桃園市珍珠海岸馬拉松接力賽,桃園,新屋區,永安漁港,2026-05-17,2026-05-17,1,Sports / Marathon,3.5,1,https://data.gov.tw/dataset/7778,2026-04-14T10:02:25+08:00
Event_397000000A_007630,2026野趣東高雄｜東高雄小旅行,高雄,內門區,、六龜、茂林、桃源、杉林、美濃及甲仙等東高雄山城區域,2026-05-17,2026-08-29,105,Other,0.25,0,https://data.gov.tw/dataset/7778,2026-07-18T13:39:33+08:00
Event_382000000A_003849,新北文化友善年 × 518國際博物館日活動,新北,八里區,新北市立十三行博物館、新北市立淡水古蹟博物館、新北市立鶯歌陶瓷博物館、新北市立黃金博物館、新北市美術館、新北市坪林茶業博物館、國定古蹟林本源園邸、朱銘美術館、世界宗教博物館,2026-05-17,2026-05-18,2,Expo / Exhibition,1.7,0,https://data.gov.tw/dataset/7778,2026-05-15T02:15:31+08:00
Event_382000000A_003848,2026夏日府中派對,新北,板橋區,府中廣場,2026-05-21,2026-05-24,4,Other,0.55,0,https://data.gov.tw/dataset/7778,2026-05-15T02:10:46+08:00
Event_397000000A_007584,2026法國生活節在高雄,高雄,鳳山區,衛武營國家藝術文化中心,2026-05-22,2026-05-24,3,Other,1.7,0,https://data.gov.tw/dataset/7778,2026-05-04T11:10:07+08:00
Event_387000000A_010182,高美不一樣音樂會,台中,清水區,高美濕地,2026-05-23,2026-05-30,8,Market / Family,0.83,0,https://data.gov.tw/dataset/7778,2026-05-15T17:20:05+08:00
Event_397000000A_007641,2026豆陣來寮寮,高雄,大寮區,大寮捷運站1號出口前草皮區,2026-05-23,2026-05-24,2,Market / Family,1.27,0,https://data.gov.tw/dataset/7778,2026-05-25T09:45:37+08:00
Event_397000000A_007649,5月神農市集×一起來包粽,高雄,鼓山區,凹子底森林公園,2026-05-23,2026-05-24,2,Market / Family,1.27,0,https://data.gov.tw/dataset/7778,2026-05-20T10:28:55+08:00
Event_382000000A_003855,2026福隆國際沙雕藝術季,新北,貢寮區,福隆海水浴場,2026-05-28,2026-10-26,152,Other,0.25,0,https://data.gov.tw/dataset/7778,2026-06-01T08:23:40+08:00
Event_382000000A_003875,「新星藝綻」2026新北市學校合作計畫｜華梵大學美術與文創學系《覆後．覺途》,新北,板橋區,新北市藝文中心第一、第二展覽室,2026-05-28,2026-06-14,18,Expo / Exhibition,0.8,0,https://data.gov.tw/dataset/7778,2026-06-05T09:25:59+08:00
Event_382000000A_003876,"「新星藝綻」2026新北市學校合作計畫｜國立臺灣藝術大學工藝設計學系「有一天.-？@*=…！""<」",新北,板橋區,新北市藝文中心 第三展覽室,2026-05-28,2026-06-14,18,Expo / Exhibition,0.8,0,https://data.gov.tw/dataset/7778,2026-06-05T09:28:13+08:00
Event_376430000A_006669,2026桃園管樂嘉年華,桃園,桃園區,中正路1188號,2026-05-29,2026-06-07,10,Major celebration,2.2,1,https://data.gov.tw/dataset/7778,2026-05-14T17:37:21+08:00
Event_382000000A_003822,2026水返腳歡樂逗陣行,新北,汐止區,星際遊戲場,2026-05-29,2026-05-30,2,Market / Family,1.27,0,https://data.gov.tw/dataset/7778,2026-04-30T04:24:15+08:00
Event_382000000A_003824,2026潮盛新莊,新北,新莊區,新莊新月廣場,2026-05-29,2026-06-21,24,Other,0.4,0,https://data.gov.tw/dataset/7778,2026-04-30T05:50:11+08:00
Event_382000000A_003860,115年新北市深坑四寶文化節,新北,深坑區,兒童遊戲場,2026-05-29,2026-05-30,2,Market / Family,1.27,0,https://data.gov.tw/dataset/7778,2026-05-22T03:53:35+08:00
Event_A15010000H_081893,2026福隆國際沙雕藝術季系列活動,新北,貢寮區,福隆街42號,2026-05-29,2026-10-25,150,Sports / Marathon,0.88,1,https://events.necoast-nsa.gov.tw/fulong26/,2026-09-02T02:00:04+08:00
Event_387000000A_010206,2026幸福台中家庭月系列活動- 歡慶515國際家庭日,台中,西屯區,大石里中科路2966號,2026-05-30,2026-05-30,1,Market / Family,1.5,0,https://data.gov.tw/dataset/7778,2026-07-06T18:15:55+08:00
Event_A15010700H_019390,2026參山騎旅系列活動,台中,中區,,2026-05-30,2026-06-07,9,Major celebration,2.2,1,https://data.gov.tw/dataset/7778,2026-05-19T16:47:30+08:00
Event_397000000A_007594,K-SPARK IN KAOHSIUNG 2026,高雄,左營區,世運大道100號(高雄國家體育場),2026-05-30,2026-05-30,1,Other,5,1,https://data.gov.tw/dataset/7778,2026-05-07T14:39:01+08:00
Event_397000000A_007645,2026乘風而騎｜仁武大社觀音湖生態單車遊,高雄,仁武區,觀音湖南側入口(公廁前廣場),2026-05-30,2026-05-30,1,Sports / Marathon,3.5,1,https://data.gov.tw/dataset/7778,2026-05-31T13:44:21+08:00
Event_397000000A_007673,2026高雄夏祭新鮮市｜高雄鳳荔季⁣,高雄,大樹區,大坑路108-18號(大樹姑山倉庫),2026-05-30,2026-05-31,2,Other,0.85,0,https://data.gov.tw/dataset/7778,2026-05-28T09:59:54+08:00
Event_382000000A_003858,2026藝術0距離Ｘ微光製造「到處跳舞在樹林」,新北,樹林區,樹新路40-8號(樹林藝文中心),2026-06-01,2026-06-14,14,Other,1.1,0,https://data.gov.tw/dataset/7778,2026-05-21T10:07:57+08:00
Event_387000000A_010214,2026臺中市逍遙音樂町－金曲大肚・追分開唱,台中,大肚區,大肚區沙田路一段364號,2026-06-05,2026-06-05,1,Concert / Music festival,4,1,https://data.gov.tw/dataset/7778,2026-05-26T10:59:07+08:00
Event_387000000A_010221,ART TAICHUNG 2026 台中國際藝術博覽會,台中,西屯區,臺中市西屯區港尾里黎明路三段1000號,2026-06-05,2026-06-07,3,Expo / Exhibition,1.7,0,https://data.gov.tw/dataset/7778,2026-05-22T14:07:52+08:00
Event_387000000A_010241,115年和平區泰雅族語歌謠競賽文化活動,台中,和平區,臺中市和平區博愛里東關路一段松鶴三巷5-3號,2026-06-05,2026-06-05,1,Sports / Marathon,3.5,1,https://data.gov.tw/dataset/7778,2026-06-04T09:04:37+08:00
Event_376430000A_006672,2026桃園閩南文化節,桃園,八德區,八塊厝民俗藝術村,2026-06-05,2026-07-25,51,Other,0.25,0,https://data.gov.tw/dataset/7778,2026-06-29T15:03:33+08:00
Event_382000000A_003850,新北好茶｜春燕品香茗,新北,坪林區,坪林茶葉博物館旁廣場,2026-06-05,2026-06-21,17,Market / Family,0.8,0,https://data.gov.tw/dataset/7778,2026-05-15T02:26:55+08:00
Event_382000000A_003857,115新北市巷弄藝起來巡演活動,新北,萬里區,,2026-06-05,2026-09-26,114,Other,0.25,0,https://data.gov.tw/dataset/7778,2026-05-21T09:54:45+08:00
Event_376430000A_006667,115年度原住民族豐年祭,桃園,中壢區,原住民族集會所 天幕廣場,2026-06-06,2026-09-12,99,Other,0.25,0,https://data.gov.tw/dataset/7778,2026-07-29T16:08:01+08:00
Event_397000000A_007735,Re：戰鬥之城,高雄,鼓山區,內惟藝術中心,2026-06-06,2026-10-26,143,Expo / Exhibition,0.5,0,https://data.gov.tw/dataset/7778,2026-06-17T10:00:03+08:00
Event_387000000A_010246,大安浪花盃沙灘排球賽2nd,台中,大安區,海墘里中山北路113號,2026-06-10,2026-06-10,1,Sports / Marathon,3.5,1,https://data.gov.tw/dataset/7778,2026-06-10T16:39:32+08:00
Event_397000000A_007722,2026高雄端午龍舟嘉年華-林園傳統龍舟賽,高雄,林園區,中芸漁港,2026-06-10,2026-06-20,11,Major celebration,2.2,1,https://data.gov.tw/dataset/7778,2026-06-15T10:32:32+08:00
Event_382000000A_003828,2026全國兒少陶藝獎,新北,鶯歌區,文化路200號,2026-06-11,2026-07-26,46,Sports / Marathon,0.88,1,https://data.gov.tw/dataset/7778,2026-05-06T02:05:19+08:00
Event_382000000A_003882,2026新北市河海音樂季,新北,淡水區,,2026-06-11,2026-09-06,88,Other,0.25,0,https://data.gov.tw/dataset/7778,2026-06-10T08:44:25+08:00
Event_382000000A_003892,《她kneril-畚斗仔車旁的身影》特展,新北,烏來區,烏來泰雅民族博物館1樓特展區,2026-06-11,2026-09-13,95,Expo / Exhibition,0.5,0,https://data.gov.tw/dataset/7778,2026-06-15T09:59:57+08:00
Event_387000000A_010240,2026梧棲逍遙音樂町－夏夜星河．愛在梧棲音樂會,台中,梧棲區,臺中市梧棲區草湳里17鄰文昌路850號,2026-06-12,2026-06-12,1,Other,1,0,https://data.gov.tw/dataset/7778,2026-06-04T09:04:18+08:00
Event_397000000A_007861,還是先躺一下再說？ Lay Down,高雄,鹽埕區,駁二藝術特區 大勇區C5倉庫,2026-06-12,2027-03-01,263,Expo / Exhibition,0.5,0,https://data.gov.tw/dataset/7778,2026-07-31T10:30:34+08:00
Event_382000000A_003852,2026新北電競爭霸戰,新北,三重區,重新路一段87號3樓(新北電競基地),2026-06-12,2026-06-14,3,Other,0.85,0,https://data.gov.tw/dataset/7778,2026-05-15T02:34:02+08:00
Event_382000000A_003872,2026雙溪荷花季,新北,雙溪區,上林荷花園（台2丙16.3公里處路旁）,2026-06-12,2026-06-27,16,Market / Family,0.6,0,https://data.gov.tw/dataset/7778,2026-06-05T09:00:39+08:00
Event_382000000A_003887,2026 新北市客家文化園區市集日,新北,三峽區,新北市客家文化園區,2026-06-12,2026-06-13,2,Market / Family,1.27,0,https://data.gov.tw/dataset/7778,2026-06-12T12:04:37+08:00
Event_376430000A_006867,2026桃園藝術巡演觀音場－九歌兒童劇團《東郭、獵人、狼》兒童劇,桃園,觀音區,觀音國小 (桃園市觀音區文化路2號),2026-06-13,2026-06-13,1,Market / Family,1.5,0,https://data.gov.tw/dataset/7778,2026-08-18T16:31:26+08:00
Event_397000000A_007453,CNBLUE「3LOGY」2026 LIVE WORLD TOUR IN KAOHSIUNG,高雄,鹽埕區,高雄流行音樂中心 海音館,2026-06-13,2026-06-13,1,Other,4,1,https://data.gov.tw/dataset/7778,2026-03-12T10:32:47+08:00
Event_397000000A_007653,【漢餅文化館】2026年6/13～6/20端午限定手作課程體驗,高雄,大寮區,舊振南漢餅文化館,2026-06-13,2026-06-20,8,Other,0.55,0,https://data.gov.tw/dataset/7778,2026-05-20T12:24:18+08:00
Event_382000000A_003867,115年蘆洲區端午親子FUN粽樂,新北,蘆洲區,中正路243巷19號(新北市蘆洲區李氏古宅),2026-06-18,2026-06-19,2,Market / Family,1.27,0,https://data.gov.tw/dataset/7778,2026-05-29T17:39:44+08:00
Event_382000000A_003869,115年端午節活動「無形文化資產─淡水清水巖遶境文化深度體驗」,新北,淡水區,新北市立淡水古蹟博物館,2026-06-18,2026-06-19,2,Other,1.7,0,https://data.gov.tw/dataset/7778,2026-06-02T02:21:07+08:00
Event_382000000A_003886,金馬慶端陽,新北,瑞芳區,新北市立黃金博物館,2026-06-18,2026-06-21,4,Other,1.1,0,https://data.gov.tw/dataset/7778,2026-06-12T03:20:19+08:00
Event_387000000A_010242,2026大甲鐵砧山劍井取午時水活動,台中,大甲區,臺中市大甲區頂店里成功路221號,2026-06-19,2026-06-19,1,Major celebration,4,1,https://data.gov.tw/dataset/7778,2026-06-10T09:39:28+08:00
Event_387000000A_010249,2026南屯穿木屐躦鯪鯉暨逍遙音樂町,台中,南屯區,臺中市南屯區南屯里萬和路一段51號,2026-06-19,2026-06-19,1,Sports / Marathon,3.5,1,https://data.gov.tw/dataset/7778,2026-06-16T11:49:53+08:00
Event_376430000A_006848,2026龍潭歸鄉文化節-桃園市市長盃龍舟賽系列活動,桃園,龍潭區,龍潭大池,2026-06-19,2026-06-21,3,Other,0.85,0,https://data.gov.tw/dataset/7778,2026-05-06T14:18:45+08:00
Event_376430000A_006885,《即刻救原3-珍粽再見》,桃園,中壢區,中原文創園區 13倉,2026-06-19,2026-06-21,3,Other,0.85,0,https://data.gov.tw/dataset/7778,2026-06-05T11:04:31+08:00
Event_397000000A_007703,野・愛地｜粽夏野行,高雄,鹽埕區,駁二藝術特區大義紅磚廊道,2026-06-19,2026-06-21,3,Market / Family,1.27,0,https://data.gov.tw/dataset/7778,2026-06-08T10:42:44+08:00
Event_397000000A_007704,2026高雄巨蛋夏季旅展暨伴手禮展,高雄,左營區,高雄巨蛋,2026-06-19,2026-06-22,4,Expo / Exhibition,2.2,1,https://data.gov.tw/dataset/7778,2026-06-08T11:53:30+08:00
Event_397000000A_007718,2026高雄端午嘉年華暨龍舟錦標賽,高雄,前金區,愛河水域,2026-06-19,2026-06-21,3,Major celebration,3.4,1,https://data.gov.tw/dataset/7778,2026-06-12T09:46:27+08:00
Event_397000000A_007730,印Joy鳳山,高雄,鳳山區,鳳儀書院、黃埔新村借問站,2026-06-19,2026-08-30,73,Other,0.25,0,https://data.gov.tw/dataset/7778,2026-06-16T15:45:28+08:00
Event_397000000A_007731,紙風車劇團【蕃薯森林奇遇記】,高雄,鹽埕區,二二八和平公園 ​ 草坪廣場,2026-06-19,2026-06-19,1,Sports / Marathon,3.5,1,https://data.gov.tw/dataset/7778,2026-06-16T15:53:31+08:00
Event_397000000A_007741,HBO Max《龍族前傳》 重磅降臨高雄,高雄,鹽埕區,駁二藝術特區-淺水三號碼頭,2026-06-19,2026-06-21,3,Other,0.85,0,https://data.gov.tw/dataset/7778,2026-06-18T17:38:12+08:00
Event_382000000A_003866,2026新北夏至音樂節,新北,鶯歌區,館前路300號(新北市美術館戶外園區),2026-06-19,2026-06-21,3,Concert / Music festival,3.4,1,https://data.gov.tw/dataset/7778,2026-05-29T17:41:14+08:00
Event_382000000A_003873,新北滑板潮流嘉年華,新北,板橋區,新北市市民廣場,2026-06-19,2026-06-21,3,Major celebration,3.4,1,https://data.gov.tw/dataset/7778,2026-06-05T09:07:51+08:00
Event_382000000A_003901,2026新北創客祭—仲夏光音漫遊,新北,鶯歌區,新北市美術館戶外空間(三鶯之心),2026-06-19,2026-06-21,3,Market / Family,1.7,0,https://data.gov.tw/dataset/7778,2026-06-18T09:04:29+08:00
Event_376430000A_006873,桃園市蘆竹區鐵道龍舟嘉年華,桃園,蘆竹區,坑口里航空城重劃區(桃林鐵路長興段),2026-06-20,2026-06-21,2,Major celebration,3.4,1,https://data.gov.tw/dataset/7778,2026-06-15T17:47:21+08:00
Event_376430000A_006860,桃海小旅行3.0,桃園,新屋區,海洋客家牽罟文化館,2026-06-25,2026-08-30,67,Other,0.25,0,https://data.gov.tw/dataset/7778,2026-06-08T11:06:52+08:00
Event_387000000A_010265,響應四國菁英棒球對抗賽-臺中優惠店家,台中,中區,,2026-06-26,2026-07-19,24,Sports / Marathon,1.4,1,https://data.gov.tw/dataset/7778,2026-07-02T21:29:11+08:00
Event_A15010000H_081941,2026台灣部落觀光嘉年華,台北,中正區,北平西路3號,2026-06-26,2026-06-28,3,Major celebration,3.4,1,https://www.facebook.com/TaiwanIndigenousTourismFestival/,2026-09-02T02:00:04+08:00
Event_A15010300H_007156,2026台灣部落觀光嘉年華,台北,中正區,臺北火車站,2026-06-26,2026-06-28,3,Major celebration,3.4,1,https://data.gov.tw/dataset/7778,2026-05-25T16:06:16+08:00
Event_387000000A_010244,2026台中夏日馬戲節,台中,北區,北區雙十路一段65號,2026-06-27,2026-06-28,2,Major celebration,3.4,1,https://data.gov.tw/dataset/7778,2026-06-10T09:27:55+08:00
Event_376430000A_006851,2026桃園蘆竹農遊趣,桃園,蘆竹區,坑子溪休閒農業區遊客中心(坑子里山林路三段  299號),2026-06-27,2026-07-26,30,Other,0.4,0,https://data.gov.tw/dataset/7778,2026-07-09T16:04:04+08:00
Event_376430000A_006912,《紙上城市插畫展 Paper Towns Illustration Exhibition》,桃園,中壢區,中原文創園區,2026-06-27,2026-07-26,30,Other,0.4,0,https://data.gov.tw/dataset/7778,2026-06-24T17:36:25+08:00
Event_397000000A_007482,ITZY 3RD WORLD TOUR 《TUNNEL VISION》 in KAOHSIUNG,高雄,左營區,高雄巨蛋,2026-06-27,2026-06-28,2,Other,3.4,1,https://data.gov.tw/dataset/7778,2026-05-07T14:45:41+08:00
Event_397000000A_007746,麥香青春印製所,高雄,鹽埕區,高雄駁二藝術特區：蓬萊戶外廣場 B6 倉庫,2026-06-27,2026-06-28,2,Other,0.85,0,https://data.gov.tw/dataset/7778,2026-06-22T10:50:15+08:00
Event_382000000A_003863,2026野柳石光夜訪女王,新北,萬里區,野柳里港東路167-1號(野柳地質公園),2026-06-27,2026-07-12,16,Other,0.4,0,https://data.gov.tw/dataset/7778,2026-07-09T17:14:49+08:00
Event_382000000A_003977,2026新北街頭學校,新北,板橋區,府中15,2026-06-28,2026-08-30,64,Sports / Marathon,0.88,1,https://data.gov.tw/dataset/7778,2026-08-07T07:29:32+08:00
Event_A15010000H_081722,2026野柳石光-夜訪女王,新北,萬里區,野柳地質公園,2026-06-28,2026-07-12,15,Other,0.4,0,https://www.northguan-nsa.gov.tw/user/article.aspx?Lang=1&sno=04008941,2026-09-02T02:00:04+08:00
Event_382000000A_003900,2026第六屆貢寮水T藝術節,新北,貢寮區,遇見雞母嶺、全興造船廠園區,2026-06-29,2026-07-05,7,Major celebration,2.2,1,https://data.gov.tw/dataset/7778,2026-06-18T08:47:32+08:00
Event_387000000A_010262,2026 嗨刻臺中,台中,和平區,,2026-07-01,2026-12-31,184,Major celebration,1,1,https://data.gov.tw/dataset/7778,2026-08-05T11:15:11+08:00
Event_397000000A_007753,畢卡索《想像中的人物肖像》特展,高雄,左營區,民族一路926號,2026-07-01,2026-09-30,92,Expo / Exhibition,0.5,0,https://data.gov.tw/dataset/7778,2026-06-24T10:16:55+08:00
Event_397000000A_007769,壽山夏日探險,高雄,鼓山區,壽山動物園,2026-07-01,2026-08-31,62,Market / Family,0.38,0,https://data.gov.tw/dataset/7778,2026-07-24T18:26:12+08:00
Event_397000000A_007862,2026【武營來跳舞】7-12月,高雄,鳳山區,衛武營榕樹廣場西側,2026-07-01,2026-12-02,155,Other,0.25,0,https://data.gov.tw/dataset/7778,2026-07-31T10:18:28+08:00
Event_382000000A_003910,2026新莊响仁和鼓文化特展,新北,新莊區,新莊文化藝術中心藝術廳,2026-07-02,2026-07-26,25,Sports / Marathon,1.4,1,https://data.gov.tw/dataset/7778,2026-06-26T06:16:55+08:00
Event_382000000A_003911,2026礦山藝術季,新北,瑞芳區,,2026-07-02,2026-08-23,53,Other,0.25,0,https://data.gov.tw/dataset/7778,2026-07-09T17:32:40+08:00
Event_397000000A_007576,2026高雄啤酒音樂節,高雄,前鎮區,中華五路789號(高雄夢時代前廣場),2026-07-03,2026-07-05,3,Concert / Music festival,3.4,1,https://data.gov.tw/dataset/7778,2026-05-12T15:12:17+08:00
Event_397000000A_007713,【漢餅文化館】2026年7-9月手作課程體驗,高雄,大寮區,舊振南漢餅文化館,2026-07-03,2026-09-30,90,Other,0.25,0,https://data.gov.tw/dataset/7778,2026-06-09T11:39:53+08:00
Event_382000000A_003884,《第四屆暑期兒童藝文戲劇演出》 2026童戲一夏 FUN假囉！,新北,萬里區,,2026-07-03,2026-08-22,51,Market / Family,0.38,0,https://data.gov.tw/dataset/7778,2026-07-09T17:18:04+08:00
Event_382000000A_003912,2026三峽藍染節,新北,三峽區,三峽老街、三峽區公所前廣場及周邊場域,2026-07-03,2026-08-30,59,Market / Family,0.38,0,https://data.gov.tw/dataset/7778,2026-07-09T17:29:54+08:00
Event_382000000A_003913,2026新莊有好戲,新北,新莊區,中平路133號(新莊文化藝術中心),2026-07-03,2026-10-24,114,Market / Family,0.38,0,https://data.gov.tw/dataset/7778,2026-06-26T06:17:04+08:00
Event_382000000A_003926,2026年新店溪遊記-親子藝起玩,新北,新店區,碧潭翠潭東岸,2026-07-03,2026-07-04,2,Market / Family,1.27,0,https://data.gov.tw/dataset/7778,2026-07-03T04:03:49+08:00
Event_382000000A_003928,三鶯捷運通車響應活動-饗聲市集,新北,鶯歌區,鶯歌農會通廊(文化路181號),2026-07-03,2026-07-05,3,Market / Family,1.27,0,https://data.gov.tw/dataset/7778,2026-07-03T08:16:28+08:00
Event_376430000A_006676,2026桃園兒童藝術節,桃園,大園區,桃園陽光劇場,2026-07-04,2026-07-26,23,Major celebration,1.6,1,https://data.gov.tw/dataset/7778,2026-08-25T15:43:57+08:00
Event_376430000A_006678,2026桃園國際動漫大展,桃園,中壢區,中原文創園區,2026-07-04,2026-07-19,16,Other,0.4,0,https://data.gov.tw/dataset/7778,2026-07-13T17:55:42+08:00
Event_376430000A_006694,2026桃園地景藝術節,桃園,新屋區,永安漁港(永安里中山西路三段1165號),2026-07-04,2026-08-30,58,Major celebration,1,1,https://data.gov.tw/dataset/7778,2026-08-26T11:37:30+08:00
Event_376430000A_006852,2026桃園蓮花季,桃園,觀音區,觀音蓮花園休閒農業區,2026-07-04,2026-08-30,58,Other,0.25,0,https://data.gov.tw/dataset/7778,2026-07-27T17:06:39+08:00
Event_376430000A_006892,2026桃園藝術巡演大溪場－新象創作劇團《快樂的馬戲團》兒童劇,桃園,大溪區,埔頂公園天幕籃球場(公園路埔仁路交叉口),2026-07-04,2026-07-04,1,Market / Family,1.5,0,https://data.gov.tw/dataset/7778,2026-08-18T16:31:40+08:00
Event_A15010000H_081679,2026桃園地景藝術節,桃園,大園區,竹圍漁港,2026-07-04,2026-08-30,58,Major celebration,1,1,https://taoyuanlandart.tycg.tw/,2026-09-02T02:00:04+08:00
Event_397000000A_007556,2026花露露的童樂節,高雄,鳳山區,衛武營國家藝術文化中心,2026-07-04,2026-07-19,16,Major celebration,1.6,1,https://data.gov.tw/dataset/7778,2026-04-20T11:07:06+08:00
Event_397000000A_007669,榴學生開學日｜榴槤市集2.0 高雄場,高雄,鹽埕區,愛河河西路側・北起中正四路，南至五福四路,2026-07-04,2026-07-05,2,Market / Family,1.27,0,https://data.gov.tw/dataset/7778,2026-07-08T09:33:35+08:00
Event_397000000A_007693,MAMAMOO 2026 WORLD TOUR  ＜4WARD＞ in KAOHSIUNG,高雄,左營區,新下里博愛二路757號(高雄巨蛋),2026-07-04,2026-07-05,2,Other,3.4,1,https://data.gov.tw/dataset/7778,2026-06-12T09:48:12+08:00
Event_397000000A_007712,【漢餅文化館】舊振南 ·夏躍星空,高雄,大寮區,舊振南漢餅文化館,2026-07-04,2026-08-01,29,Sports / Marathon,1.4,1,https://data.gov.tw/dataset/7778,2026-06-10T12:05:20+08:00
Event_397000000A_007723,2026高雄夏祭新鮮市｜金煌芒果季,高雄,鼓山區,凹子底森林公園（捷運凹子底站 4 號出口）,2026-07-04,2026-07-05,2,Market / Family,1.27,0,https://data.gov.tw/dataset/7778,2026-07-17T09:52:21+08:00
Event_397000000A_007782,2026野趣東高雄｜旗山場,高雄,旗山區,高雄市旗山體育場,2026-07-04,2026-07-05,2,Market / Family,1.27,0,https://data.gov.tw/dataset/7778,2026-07-08T09:33:41+08:00
Event_382000000A_003899,2026汐止區仲夏音樂派對,新北,汐止區,汐止區公所前廣場,2026-07-04,2026-07-04,1,Market / Family,1.5,0,https://data.gov.tw/dataset/7778,2026-06-18T08:39:34+08:00
Event_382000000A_003925,兒童歌舞劇《新龜兔賽跑PLUS!!》,新北,淡水區,中山北路二段375號9樓(淡水區公所9樓大禮堂),2026-07-04,2026-07-05,2,Market / Family,1.27,0,https://data.gov.tw/dataset/7778,2026-07-02T09:32:43+08:00
Event_376430000A_006896,2026桃園藝術巡演蘆竹場－風雅頌古箏樂團《愛生氣的火神娘娘》兒童劇,桃園,蘆竹區,光明河濱公園天幕籃球場(錦興村光明路二段),2026-07-05,2026-07-05,1,Market / Family,1.5,0,https://data.gov.tw/dataset/7778,2026-08-18T16:31:52+08:00
Event_382000000A_003914,2026林園尋藝,新北,板橋區,國定古蹟林本源園邸,2026-07-05,2026-09-20,78,Other,0.25,0,https://data.gov.tw/dataset/7778,2026-06-26T06:23:42+08:00
Event_382000000A_003874,2026新北市生音藝術節,新北,板橋區,新北市藝文中心,2026-07-06,2026-10-10,97,Major celebration,1,1,https://data.gov.tw/dataset/7778,2026-06-05T09:21:31+08:00
Event_382000000A_003960,前哥倫布文化遺產—當代陶藝詮釋,新北,鶯歌區,鶯歌陶瓷博物館 B1陶藝長廊,2026-07-06,2026-08-02,28,Other,0.8,0,https://data.gov.tw/dataset/7778,2026-07-24T03:14:03+08:00
Event_376430000A_006893,2026桃園藝術巡演復興場-KISS ME親一下劇團《壞碳王國  的挑戰》兒童劇,桃園,復興區,角板山公園天幕廣場(忠孝路20號),2026-07-11,2026-07-11,1,Market / Family,1.5,0,https://data.gov.tw/dataset/7778,2026-08-18T16:31:59+08:00
Event_397000000A_007616,NMIXX 1ST WORLD TOUR ＜EPISODE 1： ZERO FRONTIER＞ IN KAOHSIUNG,高雄,左營區,高雄巨蛋,2026-07-11,2026-07-12,2,Other,3.4,1,https://data.gov.tw/dataset/7778,2026-06-22T15:57:06+08:00
Event_397000000A_007676,2026乘風而騎｜三民城市客家文化單車遊,高雄,三民區,盤花公園(同盟與自立路路口-光之塔前),2026-07-11,2026-07-11,1,Sports / Marathon,3.5,1,https://data.gov.tw/dataset/7778,2026-08-04T10:20:00+08:00
Event_397000000A_007758,2026TAKAO豐潮系列文化活動,高雄,鳳山區,大東捷運站濕地公園前、凹子底公園、小港運動場、原住民聚會所,2026-07-11,2026-10-18,100,Other,0.25,0,https://data.gov.tw/dataset/7778,2026-06-25T12:25:14+08:00
Event_376430000A_006895,2026桃園藝術巡演龜山場－如果兒童劇團《咱的棒球囡仔》兒童劇,桃園,龜山區,中山天幕廣場(新路里中山街26號),2026-07-12,2026-07-12,1,Market / Family,1.5,0,https://data.gov.tw/dataset/7778,2026-08-18T16:32:41+08:00
Event_382000000A_003885,2026新北市兒童藝術節｜怪獸叢林,新北,板橋區,新北市市民廣場、市府大廳、府中廣場及各藝文中心,2026-07-12,2026-07-19,8,Major celebration,2.2,1,https://data.gov.tw/dataset/7778,2026-07-24T11:21:06+08:00
Event_387000000A_010288,2026台中鍋烤節,台中,中區,,2026-07-14,2026-08-14,32,Other,0.25,0,https://data.gov.tw/dataset/7778,2026-07-15T14:34:21+08:00
Event_382000000A_003947,115年烏來區泰雅文化季,新北,烏來區,烏來區綜合體育場,2026-07-14,2026-07-18,5,Major celebration,2.2,1,https://data.gov.tw/dataset/7778,2026-07-15T06:40:25+08:00
Event_382000000A_003924,2026福爾摩沙北海岸藝術季,新北,三芝區,、石門、金山、萬里,2026-07-16,2026-09-27,74,Expo / Exhibition,0.5,0,https://data.gov.tw/dataset/7778,2026-07-02T09:27:28+08:00
Event_382000000A_003929,2026觀光工廠輕旅行,新北,萬里區,,2026-07-16,2026-08-02,18,Other,0.4,0,https://data.gov.tw/dataset/7778,2026-07-03T08:31:48+08:00
Event_382000000A_003915,2026永和仲夏夜之夢,新北,永和區,永和國父紀念館、永和區民廣場,2026-07-17,2026-08-15,30,Other,0.4,0,https://data.gov.tw/dataset/7778,2026-06-26T06:38:28+08:00
Event_382000000A_003917,「2026九份紅燈籠祭」於7/18（六）至8/17（一）盛大登場。,新北,瑞芳區,九份老街,2026-07-17,2026-08-17,32,Other,0.25,0,https://data.gov.tw/dataset/7778,2026-08-17T00:56:39+08:00
Event_382000000A_003944,民間／攝影：紀實影像的敘事生成,新北,鶯歌區,新北市美術館 – 3A、3B、4B展覽室,2026-07-17,2026-11-15,122,Other,0.5,0,https://data.gov.tw/dataset/7778,2026-07-14T06:36:15+08:00
Event_382000000A_003950,新北海派－深澳小卷季,新北,瑞芳區,深澳路20號(瑞芳區漁會),2026-07-17,2026-07-26,10,Other,0.55,0,https://data.gov.tw/dataset/7778,2026-07-17T07:36:32+08:00
Event_382000000A_003958,2026新北市新莊兒童藝術季暨星光電影院,新北,新莊區,新月廣場、思賢國小風雨操場、鴻金寶麻吉影城、裕民國小風雨廣場,2026-07-17,2026-08-29,44,Market / Family,0.38,0,https://data.gov.tw/dataset/7778,2026-07-24T02:55:54+08:00
Event_A15010000H_081712,2026福爾摩沙北海岸藝術季,新北,三芝區,埔坪里埔坪里埔頭坑164-2號,2026-07-17,2026-09-27,73,Other,0.25,0,https://www.northcoastartsfestival.com/mainssl/modules/MySpace/index.php,2026-09-02T02:00:04+08:00
Event_387000000A_010293,2026 台中故事生活節：走進城市探險,台中,西區,勤美市民廣場,2026-07-18,2026-07-19,2,Market / Family,1.27,0,https://data.gov.tw/dataset/7778,2026-07-17T17:19:29+08:00
Event_376430000A_006674,2026大溪大禧Daxidaxi,桃園,大溪區,大溪天幕籃球場(福仁里登龍路 22號旁)、大溪老城區,2026-07-18,2026-08-06,20,Other,0.4,0,https://data.gov.tw/dataset/7778,2026-06-18T17:02:10+08:00
Event_376430000A_006679,2026永安漁港星繽樂狂歡嘉年華,桃園,新屋區,永安漁港漁市前廣場、後停車場,2026-07-18,2026-08-29,43,Major celebration,1,1,https://data.gov.tw/dataset/7778,2026-06-26T15:37:29+08:00
Event_376430000A_006923,2026桃園市蘆竹區《濱海仲夏童樂會》,桃園,蘆竹區,濱海里濱海風雨球場,2026-07-18,2026-08-09,23,Other,0.4,0,https://data.gov.tw/dataset/7778,2026-07-01T17:20:19+08:00
Event_397000000A_007528,EXO PLANET #6 - EXhOrizon in KAOHSIUNG,高雄,左營區,高雄巨蛋（K ARENA）,2026-07-18,2026-07-19,2,Other,3.4,1,https://data.gov.tw/dataset/7778,2026-05-11T10:35:59+08:00
Event_397000000A_007655,2026大港閱冰,高雄,鼓山區,新濱．駅前廣場（哈瑪星站 2 號出口）⁣,2026-07-18,2026-07-19,2,Sports / Marathon,2.98,1,https://data.gov.tw/dataset/7778,2026-07-27T20:19:19+08:00
Event_397000000A_007603,2026衛武營小時光,高雄,鳳山區,三多一路1號(衛武營表演廳),2026-07-22,2026-12-09,141,Other,0.25,0,https://data.gov.tw/dataset/7778,2026-05-06T15:42:38+08:00
Event_382000000A_003946,2026新北南島文化節,新北,八里區,十三行博物館 陽光廣場,2026-07-24,2026-07-26,3,Major celebration,3.4,1,https://data.gov.tw/dataset/7778,2026-07-15T04:43:09+08:00
Event_382000000A_003993,馭風乘浪-古代南島船舶特展,新北,八里區,新北市立十三行博物館 第二特展廳,2026-07-24,2027-05-09,290,Expo / Exhibition,0.5,0,https://data.gov.tw/dataset/7778,2026-08-21T03:39:33+08:00
Event_A15010000H_081668,2026大稻埕夏日節,台北,大同區,大稻埕河濱公園,2026-07-25,2026-08-15,22,Major celebration,1.6,1,https://www.travel.taipei/zh-tw/event-calendar/details/66378,2026-09-02T02:00:04+08:00
Event_397000000A_007763,2026 DONGHAE 1ST SOLO CONCERT TOUR [ALIVE] in KAOHSIUNG,高雄,鹽埕區,高雄流行音樂中心,2026-07-25,2026-07-26,2,Concert / Music festival,3.4,1,https://data.gov.tw/dataset/7778,2026-06-29T11:16:07+08:00
Event_397000000A_007828,情人哏裡出西施,高雄,鳳山區,衛武營國家藝術文化中心歌劇院(高雄市鳳山區三多一路1號),2026-07-25,2026-07-26,2,Other,1.7,0,https://data.gov.tw/dataset/7778,2026-07-17T09:45:20+08:00
Event_382000000A_003927,2026五股濕地夏日賞燕季,新北,五股區,荒野保護協會五股濕地教育中心,2026-07-25,2026-08-09,16,Other,0.4,0,https://data.gov.tw/dataset/7778,2026-07-03T07:58:49+08:00
Event_397000000A_007849,2026佛光盃｜國際大學籃球邀請賽,高雄,左營區,高雄巨蛋,2026-07-28,2026-08-02,6,Other,2.2,1,https://data.gov.tw/dataset/7778,2026-07-29T12:26:35+08:00
Event_382000000A_003888,2026臺灣國際陶藝雙年展,新北,鶯歌區,新北市立鶯歌陶瓷博物館 3樓特展室,2026-07-30,2026-12-27,151,Expo / Exhibition,0.5,0,https://data.gov.tw/dataset/7778,2026-06-12T06:21:04+08:00
Event_382000000A_003945,2026北海潮與火,新北,金山區,中角灣國際衝浪基地、中山溫泉公園、金山老街,2026-07-30,2026-08-23,25,Other,0.4,0,https://data.gov.tw/dataset/7778,2026-07-17T00:43:48+08:00
Event_A15010000H_081731,2026台灣美食展,台北,信義區,台北世界貿易中心展覽一館,2026-07-31,2026-08-03,4,Sports / Marathon,1.93,1,https://www.tcetva.tw/,2026-09-02T02:00:04+08:00
Event_382000000A_003957,2026八里城市沙雕展,新北,八里區,左岸公園沿岸沙灘及草坪,2026-07-31,2026-09-28,60,Major celebration,1,1,https://data.gov.tw/dataset/7778,2026-07-24T02:48:14+08:00
Event_382000000A_003959,115年樹林區｜戀戀山佳懷念老歌演唱會,新北,樹林區,山佳火車站前廣場,2026-07-31,2026-08-02,3,Concert / Music festival,3.4,1,https://data.gov.tw/dataset/7778,2026-07-24T03:04:03+08:00
Event_382000000A_003965,2026新北悠遊三鶯主題活動,新北,三峽區,新北市客家文化園區,2026-07-31,2026-08-02,3,Other,0.85,0,https://data.gov.tw/dataset/7778,2026-07-31T03:02:06+08:00
Event_382000000A_003968,2026新北國際街舞大賽,新北,板橋區,致理科技大學 誠信館 5 樓,2026-07-31,2026-08-02,3,Sports / Marathon,2.98,1,https://data.gov.tw/dataset/7778,2026-07-31T03:20:00+08:00
Event_382000000A_003978,435夏日起手式：手的萬種模樣,新北,板橋區,板橋435藝文特區﻿,2026-07-31,2026-09-04,36,Market / Family,0.38,0,https://data.gov.tw/dataset/7778,2026-08-07T07:51:34+08:00
Event_376430000A_006921,2026桃園珍珠海岸國際音樂節,桃園,大園區,竹圍漁港,2026-08-01,2026-08-02,2,Concert / Music festival,3.4,1,https://data.gov.tw/dataset/7778,2026-07-29T17:07:59+08:00
Event_376430000A_006938,「大音希聲」2026桃園國樂節,桃園,中壢區,中壢藝術館音樂廳 (中美路16號),2026-08-01,2026-08-15,15,Other,0.4,0,https://data.gov.tw/dataset/7778,2026-07-07T17:35:19+08:00
Event_397000000A_007775,2026旗津風箏節暨氣墊水樂園,高雄,旗津區,旗津海水浴場鍾愛之門,2026-08-01,2026-08-09,9,Market / Family,0.83,0,https://data.gov.tw/dataset/7778,2026-08-10T21:35:51+08:00
Event_397000000A_007831,2026台日大港水果祭,高雄,鹽埕區,高雄流行音樂中心 海風廣場及堤岸廊道,2026-08-01,2026-08-02,2,Other,3.4,1,https://data.gov.tw/dataset/7778,2026-08-10T21:35:44+08:00
Event_A15010000H_081676,2026臺灣文化創意博覽會,台北,南港區,南港展覽館1館,2026-08-06,2026-08-12,7,Expo / Exhibition,2.2,1,https://creativexpo.tw/,2026-09-02T02:00:04+08:00
Event_382000000A_003983,陶瓷意象玩具-劉芳汝個展,新北,鶯歌區,文化路200號(b1陶藝長廊),2026-08-06,2026-09-06,32,Other,0.25,0,https://data.gov.tw/dataset/7778,2026-08-14T04:14:52+08:00
Event_376430000A_006997,玩北橫拿好禮《遊桃園 App》探索北橫打卡趣,桃園,復興區,,2026-08-08,2026-09-18,42,Other,0.25,0,https://data.gov.tw/dataset/7778,2026-08-08T15:28:14+08:00
Event_397000000A_007880,高雄親子遊樂園區｜開園系列活動,高雄,鳳山區,高雄親子遊樂園區,2026-08-08,2026-08-23,16,Market / Family,0.6,0,https://data.gov.tw/dataset/7778,2026-08-31T14:31:39+08:00
Event_382000000A_003969,115年中和星光電影院,新北,中和區,國立臺灣圖書館B1演藝廳、雙和靜思堂2樓國際會議廳,2026-08-08,2026-08-15,8,Other,0.55,0,https://data.gov.tw/dataset/7778,2026-07-31T03:27:27+08:00
Event_397000000A_007526,2026星海尋蹤｜英仙座流星雨觀測活動,高雄,美濃區,高雄同學農場,2026-08-12,2026-08-12,1,Other,1,0,https://data.gov.tw/dataset/7778,2026-04-07T15:30:08+08:00
Event_A15010800H_003510,2026仲夏．來阿里山（產業展）,台北,中正區,北平西路3號(台北車站),2026-08-14,2026-08-15,2,Market / Family,1.27,0,https://data.gov.tw/dataset/7778,2026-08-12T12:06:58+08:00
Event_376430000A_006888,2026桃園電影節,桃園,桃園區,桃園電影科技國際論壇,2026-08-14,2026-08-27,14,Other,0.55,0,https://data.gov.tw/dataset/7778,2026-07-16T17:49:19+08:00
Event_382000000A_003964,2026當大人高校祭,新北,板橋區,新北市市民廣場,2026-08-14,2026-08-15,2,Concert / Music festival,3.4,1,https://data.gov.tw/dataset/7778,2026-07-31T02:54:46+08:00
Event_387000000A_010289,濱海搖滾音樂祭2026,台中,梧棲區,MITSUI OUTLET PARK台中港,2026-08-15,2026-08-16,2,Concert / Music festival,3.4,1,https://data.gov.tw/dataset/7778,2026-07-15T14:43:21+08:00
Event_397000000A_007887,2026高雄海線潮旅行,高雄,左營區,高鐵左營彩虹市集,2026-08-15,2026-09-19,36,Market / Family,0.38,0,https://data.gov.tw/dataset/7778,2026-08-08T10:06:11+08:00
Event_397000000A_007907,高雄熊夏日童樂會,高雄,鼓山區,壽山動物園 解說教育中心,2026-08-15,2026-08-15,1,Other,1,0,https://data.gov.tw/dataset/7778,2026-08-17T11:57:17+08:00
Event_382000000A_003967,2026淡水漁人碼頭仲夏繽紛樂,新北,淡水區,淡水漁人碼頭,2026-08-15,2026-08-30,16,Other,0.4,0,https://data.gov.tw/dataset/7778,2026-08-14T10:23:04+08:00
Event_376430000A_006977,2026桃園冷飲節,桃園,桃園區,藝文廣場(中正路1188號),2026-08-21,2026-08-23,3,Other,0.85,0,https://data.gov.tw/dataset/7778,2026-07-29T17:08:45+08:00
Event_382000000A_003976,2026金山甘藷季,新北,金山區,玉爐路與陽金公路交叉口,2026-08-21,2026-08-22,2,Other,0.85,0,https://data.gov.tw/dataset/7778,2026-08-21T03:26:22+08:00
Event_387000000A_010302,2026臺中石岡熱氣球嘉年華,台中,石岡區,土牛里豐勢路國校巷底號,2026-08-22,2026-08-24,3,Major celebration,3.4,1,https://data.gov.tw/dataset/7778,2026-07-30T16:48:06+08:00
Event_A15010000H_081903,2026潮臺北TRENDY TAIPEI,台北,南港區,臺北流行音樂中心,2026-08-22,2026-09-06,16,Concert / Music festival,1.6,1,https://www.travel.taipei/zh-tw/event-calendar/details/66385,2026-09-02T02:00:04+08:00
Event_376430000A_006970,2026桃園藝術巡演龍潭場-宋坤傳藝《酬神》擊樂表演,桃園,龍潭區,武漢國小(武漢路100號),2026-08-22,2026-08-22,1,Other,1,0,https://data.gov.tw/dataset/7778,2026-08-25T14:31:44+08:00
Event_397000000A_007806,2026高雄咖啡節,高雄,鼓山區,凹子底森林公園,2026-08-22,2026-08-23,2,Sports / Marathon,2.98,1,https://data.gov.tw/dataset/7778,2026-08-22T11:20:15+08:00
Event_397000000A_007924,2026就喝 Chill 派對：泰精選⁣ S2,高雄,鹽埕區,高雄流行音樂中心 珊瑚礁群,2026-08-22,2026-08-23,2,Major celebration,3.4,1,https://data.gov.tw/dataset/7778,2026-08-18T22:51:25+08:00
Event_397000000A_007932,2026高雄海洋派對,高雄,前鎮區,星光水岸公園＆輕軌站旁大草地,2026-08-22,2026-08-23,2,Expo / Exhibition,1.7,0,https://data.gov.tw/dataset/7778,2026-08-27T16:56:43+08:00
Event_382000000A_003991,下一站憶起唱民歌,新北,淡水區,淡海輕軌淡水漁人碼頭站,2026-08-22,2026-08-23,2,Other,0.85,0,https://data.gov.tw/dataset/7778,2026-08-21T03:22:49+08:00
Event_376430000A_006984,2026桃園藝術巡演新屋場-桃園市國樂團《唱過青春的海》音樂會,桃園,新屋區,永安海螺文化體驗園區(永安里新港路85號),2026-08-23,2026-08-23,1,Other,1,0,https://data.gov.tw/dataset/7778,2026-08-25T14:33:26+08:00
Event_382000000A_003898,2026板橋夏日嘉年華,新北,板橋區,府中廣場（板橋區公所前廣場）,2026-08-28,2026-08-30,3,Major celebration,3.4,1,https://data.gov.tw/dataset/7778,2026-08-17T08:57:13+08:00
Event_376430000A_006911,馬祖品牌閩東語音樂劇《馬祖心情記事VII－拍楸》,桃園,桃園區,桃園展演中心展演廳(桃園市桃園區同安里中正路1188號),2026-08-29,2026-08-29,1,Other,1,0,https://data.gov.tw/dataset/7778,2026-08-28T17:17:09+08:00
Event_382000000A_003999,2026北海岸時尚藝術季,新北,淡水區,淡水漁人碼頭 觀海廣場,2026-08-29,2026-08-30,2,Major celebration,3.4,1,https://data.gov.tw/dataset/7778,2026-08-28T10:31:09+08:00
Event_387000000A_010342,國旅補助 台中加碼 週週住台中 度假一整年,台中,中區,,2026-09-01,2026-12-31,122,Other,0.25,0,https://data.gov.tw/dataset/7778,2026-09-01T17:05:06+08:00
Event_A15010000H_081733,2026臺灣自行車旅遊節,台北,松山區,2026年活動地點尚未確定,2026-09-01,2026-12-31,122,Sports / Marathon,0.88,1,https://taiwanbike.tw/,2026-09-02T02:00:04+08:00
Event_382000000A_003997,2026全國古蹟日｜棋響新北趣古蹟,新北,萬里區,,2026-09-02,2026-10-24,53,Other,0.25,0,https://data.gov.tw/dataset/7778,2026-08-28T10:03:43+08:00
Event_387000000A_010348,2026台中好湯溫泉季系列活動,台中,中區,,2026-09-04,2026-10-31,58,Expo / Exhibition,0.5,0,https://data.gov.tw/dataset/7778,2026-09-02T11:06:09+08:00
Event_A15010000H_081665,2026山谷燈光節,台中,和平區,梨山賓館前廣場,2026-09-04,2027-01-03,122,Other,0.25,0,https://www.trimt-nsa.gov.tw/zh-tw/event/20469/,2026-09-02T02:00:04+08:00
Event_A15010700H_020469,2026山谷燈光節,台中,和平區,谷關遊客中心暨入關博物館,2026-09-04,2027-01-03,122,Major celebration,1,1,https://data.gov.tw/dataset/7778,2026-09-02T11:50:42+08:00
Event_397000000A_007798,2026高雄雄Hi調酒節,高雄,鹽埕區,愛河河西路（中正四路至五福四路段）,2026-09-05,2026-09-06,2,Market / Family,1.27,0,https://data.gov.tw/dataset/7778,2026-08-27T18:14:30+08:00
Event_397000000A_007964,2026海線潮旅行音樂市集,高雄,梓官區,赤崁海濱海堤,2026-09-05,2026-09-05,1,Market / Family,1.5,0,https://data.gov.tw/dataset/7778,2026-08-31T10:17:09+08:00
Event_382000000A_004000,穿越幻境-臺灣原創VR特展進擊中,新北,板橋區,府中15 3f - 5f 展覽室,2026-09-10,2026-11-22,74,Expo / Exhibition,0.5,0,https://data.gov.tw/dataset/7778,2026-08-28T10:36:28+08:00
Event_382000000A_003982,2026新北市樹林紅麴文化節,新北,樹林區,樹林長壽公園,2026-09-11,2026-09-13,3,Other,0.85,0,https://data.gov.tw/dataset/7778,2026-08-14T02:40:03+08:00
Event_382000000A_003984,新北市綠生活音樂節,新北,鶯歌區,新北市美術館戶外園區,2026-09-11,2026-09-13,3,Concert / Music festival,3.4,1,https://data.gov.tw/dataset/7778,2026-08-28T12:35:28+08:00
Event_382000000A_003985,115年新北原民聯合文化活動｜以海為路,新北,板橋區,新北市市民廣場,2026-09-11,2026-09-12,2,Other,0.85,0,https://data.gov.tw/dataset/7778,2026-08-14T04:38:25+08:00
Event_382000000A_003995,「2026『新北chill一夏』八里港灣嘉年華」,新北,八里區,訊塘里6鄰廈竹圍7-9號,2026-09-11,2026-09-13,3,Major celebration,3.4,1,https://data.gov.tw/dataset/7778,2026-08-28T10:33:27+08:00
Event_387000000A_010238,2026臺中國際踩舞嘉年華,台中,中區,,2026-09-12,2026-09-13,2,Major celebration,3.4,1,https://data.gov.tw/dataset/7778,2026-08-25T08:43:06+08:00
Event_A15010000H_081680,2026臺中國際踩舞嘉年華,台中,潭子區,（潭興路三段至潭秀國中）,2026-09-12,2026-09-13,2,Major celebration,3.4,1,https://data.gov.tw/dataset/7778,2026-09-02T02:00:04+08:00
Event_376430000A_006975,2026土地公國際民俗藝術節,桃園,桃園區,新永和市場停車場,2026-09-12,2026-09-13,2,Major celebration,3.4,1,https://data.gov.tw/dataset/7778,2026-08-03T10:33:27+08:00
Event_397000000A_007747,2026 FTISLAND TOUR 0 — XIX — III ‘FaTe’ in KAOHSIUNG,高雄,鹽埕區,高雄流行音樂中心 海音館,2026-09-12,2026-09-12,1,Other,4,1,https://data.gov.tw/dataset/7778,2026-06-24T10:15:14+08:00
Event_397000000A_007845,WATERBOMB KAOHSIUNG 水炸彈音樂節,高雄,前鎮區,夢時代正對面廣場,2026-09-12,2026-09-13,2,Concert / Music festival,3.4,1,https://data.gov.tw/dataset/7778,2026-07-25T16:17:44+08:00
Event_397000000A_007899,2026乘風而騎｜楠梓漫遊單車小旅行,高雄,楠梓區,中油宏南宿舍(高雄捷運世運站),2026-09-12,2026-09-12,1,Sports / Marathon,3.5,1,https://data.gov.tw/dataset/7778,2026-08-10T14:24:07+08:00
Event_397000000A_007960,2026津之森｜海風散策,高雄,旗津區,旗津貝殼館前防風林,2026-09-12,2026-09-20,9,Major celebration,2.2,1,https://data.gov.tw/dataset/7778,2026-09-02T11:49:52+08:00
Event_376430000A_006675,2026探索北橫永續遊程活動,桃園,復興區,,2026-09-15,2026-10-31,47,Other,0.25,0,https://data.gov.tw/dataset/7778,2026-08-06T10:56:55+08:00
Event_382000000A_003992,中和土地公遶境祈福嘉年華,新北,中和區,碧河宮、中和安邦公園,2026-09-17,2026-09-19,3,Major celebration,3.4,1,https://data.gov.tw/dataset/7778,2026-08-21T03:33:05+08:00
Event_397000000A_007684,2026衛武營爵士週,高雄,鳳山區,衛武營國家藝術文化中心,2026-09-18,2026-09-20,3,Other,1.7,0,https://data.gov.tw/dataset/7778,2026-06-01T17:01:46+08:00
Event_382000000A_003966,2026親子FUN水藝動派對,新北,鶯歌區,新北市美術館戶外園區,2026-09-18,2026-09-20,3,Market / Family,1.7,0,https://data.gov.tw/dataset/7778,2026-07-31T03:08:14+08:00
Event_382000000A_003998,2026新北市北海岸國際風箏節,新北,石門區,白沙灣,2026-09-18,2026-09-19,2,Other,0.85,0,https://data.gov.tw/dataset/7778,2026-08-28T10:17:48+08:00
Event_397000000A_007515,Post Malone Presents The BIG ASS Stadium World Tour,高雄,左營區,高雄國家體育場 (世運主場館),2026-09-19,2026-09-19,1,Other,5,1,https://data.gov.tw/dataset/7778,2026-04-02T11:24:25+08:00
Event_397000000A_007817,2026高雄奶茶節,高雄,鹽埕區,鹽埕埔捷運站1號出口,2026-09-19,2026-09-20,2,Major celebration,3.4,1,https://data.gov.tw/dataset/7778,2026-07-30T21:10:32+08:00
Event_397000000A_007853,THE ROSE ROSETOPIA ASIA TOUR 2026 IN KAOHSIUNG,高雄,鹽埕區,高雄流行音樂中心 海音館,2026-09-19,2026-09-19,1,Other,4,1,https://data.gov.tw/dataset/7778,2026-07-29T12:23:30+08:00
Event_397000000A_007959,2026甲仙芋筍節,高雄,甲仙區,土地公廟旁廣場（甲仙大橋旁鋼棚區）及甲仙國小,2026-09-19,2026-09-19,1,Other,1,0,https://data.gov.tw/dataset/7778,2026-08-28T18:45:15+08:00
Event_376430000A_006710,2026台灣設計展在桃園,桃園,中壢區,青埔市立美術館、中原文創園區,2026-09-24,2026-10-11,18,Other,0.8,0,https://data.gov.tw/dataset/7778,2026-06-30T16:26:56+08:00
Event_A15010000H_081669,2026台灣設計展,桃園,中壢區,青埔市立美術館、中原文創園區,2026-09-24,2026-10-11,18,Expo / Exhibition,0.8,0,https://www.facebook.com/Taiwandesignexpo/?locale=zh_TW,2026-09-02T02:00:04+08:00
Event_A15010700H_015281,阿罩霧草地音樂會,台中,霧峰區,,2026-10-01,2026-10-31,31,Other,0.25,0,https://data.gov.tw/dataset/7778,2025-12-26T17:01:12+08:00
Event_397000000A_007784,2026野趣東高雄｜甲仙場,高雄,甲仙區,,2026-10-03,2026-10-03,1,Other,1,0,https://data.gov.tw/dataset/7778,2026-08-27T17:03:27+08:00
Event_397000000A_007867,2026 Kaohsiung Park Music Festival,高雄,前鎮區,高雄展覽館,2026-10-09,2026-10-10,2,Expo / Exhibition,1.7,0,https://data.gov.tw/dataset/7778,2026-08-10T14:20:33+08:00
Event_397000000A_007938,2026嬉啤派對,高雄,鹽埕區,大勇路1號,2026-10-09,2026-10-11,3,Other,0.85,0,https://data.gov.tw/dataset/7778,2026-08-21T17:15:17+08:00
Event_A15010000H_081697,2026高雄左營萬年季,高雄,左營區,左營孔廟,2026-10-09,2026-10-12,4,Major celebration,2.2,1,https://www.facebook.com/FireLion.Kaohsiung/,2026-09-02T02:00:04+08:00
Event_397000000A_007697,2026衛武營管風琴音樂節,高雄,鳳山區,衛武營國家藝術文化中心 音樂廳,2026-10-14,2026-10-18,5,Concert / Music festival,2.2,1,https://data.gov.tw/dataset/7778,2026-06-05T11:49:27+08:00
Event_A15010000H_081900,2026桃園萬聖城,桃園,桃園區,桃園藝文廣場,2026-10-15,2026-10-31,17,Major celebration,1.6,1,https://travel.tycg.gov.tw/zh-tw/event/calendar/2026,2026-09-02T02:00:04+08:00
Event_A15010000H_081671,2026臺中爵士音樂節,台中,西區,臺中市市民廣場,2026-10-16,2026-10-25,10,Concert / Music festival,2.2,1,https://www.taichungjazzfestival.tw/One/index.html,2026-09-02T02:00:04+08:00
Event_382000000A_003940,第十一屆新北市八個浪pakelang城市狩獵路跑,新北,三重區,水漾路一段,2026-10-16,2026-10-17,2,Sports / Marathon,2.98,1,https://data.gov.tw/dataset/7778,2026-07-23T07:45:34+08:00
Event_387000000A_010267,2026臺中自行車嘉年華 Let’s All Ride!,台中,東勢區,上新里中新街西新巷70號,2026-10-17,2026-10-17,1,Major celebration,4,1,https://data.gov.tw/dataset/7778,2026-08-26T15:45:46+08:00
Event_A15010000H_081670,2026水流東紅酒音樂祭,台中,外埔區,月眉西路800巷99號,2026-10-17,2026-10-17,1,Concert / Music festival,4,1,https://www.facebook.com/waipu.sldata,2026-09-02T02:00:04+08:00
Event_376430000A_006709,115年全民運動會,桃園,桃園區,,2026-10-17,2026-10-22,6,Sports / Marathon,1.93,1,https://data.gov.tw/dataset/7778,2026-05-15T09:44:29+08:00
Event_397000000A_007904,2026高雄鹹酥雞嘉年華,高雄,苓雅區,高雄大遠百-1F追夢廣場,2026-10-24,2026-10-25,2,Major celebration,3.4,1,https://data.gov.tw/dataset/7778,2026-08-14T10:17:01+08:00
Event_376430000A_006687,2026桃園萬聖城,桃園,桃園區,,2026-10-25,2026-11-02,9,Other,0.55,0,https://data.gov.tw/dataset/7778,2026-01-06T17:39:55+08:00
Event_A15010000H_081878,2026新社花海暨臺中國際花毯節,台中,新社區,行政院農業部種苗改良繁殖場第二苗圃,2026-10-30,2026-11-22,24,Major celebration,1.6,1,https://data.gov.tw/dataset/7778,2026-09-02T02:00:04+08:00
Event_A15010000H_081694,2026 Art Taipei 台北國際藝術博覽會,台北,信義區,台北世界貿易中心展覽一館,2026-10-30,2026-11-02,4,Expo / Exhibition,1.1,0,https://2026.art-taipei.com/taipei/tw/,2026-09-02T02:00:04+08:00
Event_397000000A_007714,Fujii Kaze Prema World Tour - Kaohsiung,高雄,左營區,高雄國家體育場,2026-10-31,2026-10-31,1,Other,5,1,https://data.gov.tw/dataset/7778,2026-06-10T16:26:50+08:00
Event_A15010000H_081661,2026草嶺古道芒花季,新北,貢寮區,草嶺古道,2026-11-01,2026-11-30,30,Other,0.4,0,https://data.gov.tw/dataset/7778,2026-09-02T02:00:04+08:00
Event_376430000A_006853,2026桃園花彩節,桃園,大溪區,大溪月眉休閒農業區,2026-11-14,2026-11-22,9,Other,0.55,0,https://data.gov.tw/dataset/7778,2026-05-06T17:35:59+08:00
Event_A15010000H_081713,2026新北歡樂耶誕城,新北,板橋區,新北市市民廣場,2026-11-14,2026-12-28,45,Other,0.25,0,https://christmasland.ntpc.gov.tw/map.php,2026-09-02T02:00:04+08:00
Event_376430000A_006686,2026大溪豆干節,桃園,大溪區,,2026-11-15,2026-12-20,36,Other,0.25,0,https://data.gov.tw/dataset/7778,2026-01-06T17:38:48+08:00
Event_A15010000H_081691,2026高雄戲獅甲,高雄,苓雅區,中正一路94巷1號,2026-11-15,2026-11-16,2,Sports / Marathon,2.98,1,https://www.facebook.com/KaohsiungLionDance/?locale=zh_TW,2026-09-02T02:00:04+08:00
Event_397000000A_007664,BTS WORLD TOUR ’ARIRANG’ IN KAOHSIUNG,高雄,左營區,高雄國家體育場 (世運主場館),2026-11-19,2026-11-22,4,Other,2.75,1,https://data.gov.tw/dataset/7778,2026-05-25T10:09:07+08:00
Event_376430000A_006854,2026仙草嘉年華,桃園,楊梅區,楊梅休閒農業區,2026-12-05,2026-12-20,16,Major celebration,1.6,1,https://data.gov.tw/dataset/7778,2026-05-06T17:36:24+08:00
Event_397000000A_007689,2026 Asia Artist Awards in Kaohsiung,高雄,左營區,高雄國家體育場,2026-12-05,2026-12-06,2,Other,4.25,1,https://data.gov.tw/dataset/7778,2026-06-03T16:43:39+08:00
Event_382000000A_003943,2026新北市耶誕馬拉松接力賽－耶誕快追,新北,板橋區,新北市政府市民廣場(新北歡樂耶誕城),2026-12-05,2026-12-06,2,Major celebration,3.4,1,https://data.gov.tw/dataset/7778,2026-07-14T06:20:19+08:00
Event_376430000A_006847,2026桃園半程馬拉松 石門水庫楓半馬,桃園,大溪區,石門水庫南苑停車場,2026-12-06,2026-12-06,1,Sports / Marathon,3.5,1,https://data.gov.tw/dataset/7778,2026-06-30T16:31:11+08:00
Event_397000000A_007952,《Mundo Pixar Experience》皮克斯世界巡迴展 台灣站,高雄,苓雅區,「高雄輕軌－高雄展覽館站C8」海邊路與成功二路交匯處,2026-12-18,2027-04-18,122,Expo / Exhibition,0.5,0,https://data.gov.tw/dataset/7778,2026-08-28T20:25:21+08:00
Event_A15010000H_081706,2026臺北馬拉松,台北,信義區,臺北市市民廣場,2026-12-20,2026-12-20,1,Sports / Marathon,3.5,1,https://www.taipeicitymarathon.com/,2026-09-02T02:00:04+08:00
Event_376430000A_006685,2027桃園跨年晚會,桃園,中壢區,,2026-12-31,2026-12-31,1,Major celebration,4,1,https://data.gov.tw/dataset/7778,2026-01-15T09:40:33+08:00
